Curso/N°,N° Registro,Viene de,Estudiante,dni,fecha nacimiento,naciolaidad,Tiutor,nacionalidad,Oficio,Domicilio,Teléfono,,
1°1°-1,1,EP 199,AGÜERO ARIEL LUCAS,53286525,15/08/2013,         ARG,AGUIRRE SOLEDAD,arg,    empleada,int. Russo 6661 - G. Catán,1157020449,,
1°1°-2,2,EP 199,ALEGRE ORIANNA JAZMIN,53369483,27/07/2013,ARG,LUNA ROMINA,arg,empleada ,Riglos 7790 - G. Catán,1125342544,,
1°1°-3,3,EP 199,ARECO GUBETEICH ANGEL,95616977,2/01/2014,PGY,ARECO GUBETEICH CELINA ,pgy,empleada,Buenos Aires 7636 - G.Catán,1162627354,,
1°1°-4,4,San. Dom.,Benega Valentina Anahi,53992021,23/05/2014,        ARG,PEREZ ELIANA,arg,empleada,Zelada 5309 - G. Catán ,1134358986,,
1°1°-5,5,EP 199,BERNACHEA ARIANA YASMIN,53739889,4/02/2014,ARG,SENA NANCY,arg,empleada ,Juan C. Varela 5499 - G. Catán ,1157458738,,
1°1°-6,6,EP 199,CABAÑA IAN JONATHAN E.,53523861,22/11/2013,ARG,BRITEZ ALMADA GIMENA,arg,empleada,Urdimenea 5522 - G. Catán ,1130577027,,
1°1°-7,7,EP 199,CARRIZO LUCIANA MIA,53582764,5/11/2013,ARG,CARRIZO EUGENIO M. ,arg,camionero,E. Sáenz 4939 - G. Laferrere ,1139145955,,
1°1°-8,8,EP 199,CESPEDES FERNANDEZ NAHIR CELESTE,53672600,24/01/2014,         ARG,FERNANDEZ BARRETO NATALIA,pgy,ama de casa,Urdimenea 5422 - G. Catán ,1140800671,,
1°1°-9,9,EP 199,COLMAN ALEXIS ROBERTO,53448920,11/09/2013, ARG,ALCANTARA LURDES IRENE,arg,ama de casa ,Zabala 7525 - G. Catán ,1127303782,,
1°1°-10,10,EP 199,CORTEZ ANGELES LUDMILA TERESA,53750529,20/02/2014,ARG,JUAREZ CINTIA DEL VALLE,arg,empleada,Besares 7100 - G. Laferrere ,1163247612,,
1°1°-11,11,EP 199,DENIS BENITEZ OMAR,53286187,16/07/2013,ARG,BENITEZ GALEANO LAURA ,arg,ama de casa ,Alcorta 10 - G. Catán ,1126521249,,
1°1°-12,12,EP 199,FARIAS AMBAR,53207506,9/05/2013,ARG,VILLALBA VANESA,arg,ama de casa ,Cazón 6962 - G. Laferrere ,1131540616,,
1°1°-13,13,EP 199,FLORES ALEJANDRO LIAM MAXIMILIANO,53718619,22/01/2014,ARG,ALEJANDRO MARIA ,bol,ama de casa,Calderón de la Barca 7820 - G. Laferrere ,1144191973,,
1°1°-14,14,EP 199,Flores Obregon Iara,54365505,5/04/2014,ARG,SOSA MARGARITA ,arg,empleada ,Echaurri 7555 - G. Catán ,1130302422,,
1°1°-15,15,EP 199,GARRIDO JADE GERALDINE,53716380,13/02/2014,ARG,GARRIDO PORTILLO CESAR,pgy,suelero,Da Vinci 7754 - G. Laferrere ,1170199096,,
1°1°-16,16,EP 199,GEREZ AYBAR BERNICE ABIGAIL,53611146,18/01/2014,ARG,AYBAR MARIA FERNANDA,arg,ama de casa,Juan C. Varela 5227 - G. Laferrere ,1157825410,,
1°1°-17,17,EP 199,GIMENEZ VALENTINO GAEL ARIEL,53329426,31/07/2013,ARG,CABAÑA ANDREA,arg,ama de casa ,Juan C. Varela 4971 - G. Laferrere ,1165934321,,
1°1°-18,18,EP 199,HUAMAN SALAS MASSIMO EDWIN,53329426,23/10/2013,ARG,SALAS MENDOZA EDITH ,peruana,empleada ,Juan Cobo 8138 - G. Catán ,1166540792,,
1°1°-19,19,EP 199,LAGOS TRIANA NAOMI,54050803,17/06/2014,ARG,LAGOS ALEJANDRA,          arg,empleada,Estomba 5117 - G. Laferrere ,1151026385,,
1°1°-20,20,EP 199,LOPEZ DYLAN HERNAN,53286642,25/07/2013,         ARG,LOPEZ CAROLINA ,arg,cosmetóloga ,Victor Hugo 5541 - G. Catán ,1171137175,,
1°1°-21,21,EP 199,MAZA LUCIANA AILEN,53592538,31/10/2013,ARG,ARCE MAIRA,arg,empleada,Buenos Aires 6969 - G. Catán ,1121665289,,
1°1°-22,22,EP 199,MONCADA GASPAR EMILIANO,53646908,12/12/2013,ARG,GASPAR VILAMANI FANNY,bol,empleada ,Tarija 5463 - G. Catán ,1131305957,,
1°1°-23,23,EP 199,PERALTA MARTINEZ RENZO GAEL,53516637,11/09/2013,ARG,MARTINEZ CINTIA ,arg,ama de casa,Victor Hugo 5795 - G. Catán ,1128327383,,
1°1°-24,24,EP 199,PONCE MEDINA MIA DENISSE,54049336,15/06/2014,ARG,MEDINA CLAUDIA ,arg,ama de casa ,Marcos Paz 5235 - G. Laferrere ,1163712350,,
1°1°-25,25,EP 199,REDES LISANDRO LIONEL,53297102,23/08/2013,ARG,REDES JUAN,          arg,empleado,Santo Tomé 5579 - G. Catán ,1130954599,,
1°1°-26,26,EP 199,SERVIAN BRITEZ ANGELA MARISOL,,,,pasó a turno tarde ,,,,,,
1°1°-27,27,EP 199,TOLEDO LIAN ANGEL,53414056,10/08/2013,ARG,SOVERON MICAELA ,         arg,ama de casa ,Victor Hugo 5128 - G. Laferrere ,1137558011,,
1°1°-28,28,EP 199,TORRES PORTAL JUAN MARCO,96124168,10/07/2013,         ARG,PORTAL ROSA,         arg,empleada ,Juan Cobo 7413 - G. Catán ,1127615299,,
1°1°-29,29,EP 199,VEGA JUAREZ PRISCILA FRANCESCA,53470842,8/09/2013,         ARG,JUAREZ JUNCO SOLEDAD,         arg,empleada,Santo Tomé 5143 - G. Laferrere ,1131921955,,
1°1°-30,30,EP 199,VELIZ CORONADO JUSTIN GASTON,53585120,4/01/2014,         ARG,CORONADO CORIA,         bol,empleada ,Donizetti 7371 - G. Catán ,1131542150,,
1°1°-31,31,EP 199,YAHARI REYES LUZ NIKOLE,53694670,4/01/2014,        ARG,REYES ROSA ,         arg,empleada ,Garmendia 5342 - G. Catán ,1162982885,,
1°1°-32,32,EP 199,"VERDUGUEZ, BRIANA MORENA",52993573,23/02/2013,        ARG,Aguilera Eduardo,arg,empleado,Cobo 7311 - G. Catan,1154174273,,
1°2°-1,1,EP 199,AGUILERA BAZAN LEANDRO CRISTIAN,53750570,4/03/2014,         ARG,,,,,,,
1°2°-2,2,EP 199,AGUIRRE ISABELLA VALENTINA,,,ARG,Fernandez Debora,arg.,ama de casa,calderon de la barca 6917 G. Catan ,1130606247,,
1°2°-3,3,EP 199,ALMEIRA JESUS SEBASTIAN,52911331,5/12/2012,ARG,Jaldin Aquino Silvia,bol,ama de casa,tarija y apipe G. Catan,1130304179,,
1°2°-4,4,EP 199,ARNEZ JALDIN EVELIN CORINA,96106854,16/09/2013,BOL,Rojas Toco Marina,bol,ama de casa,estomba 5509 G. Laferrere,1134442550,,
1°2°-5,5,EP 199,ARNEZ ROJAS MARIA ISABEL,50040392,31/05/2014,ARG,Gaitan Romina Soledad,arg.,ama de casa ,bs.as.7325 G. Catan,1176132636,,
1°2°-6,6,EP 199,AYALA GAITAN TANIA LUDMILA,53283753,9/07/2013,ARG,Cuellar Ortiz Carmen Rocia,bol.,ama de casa,cobo 7567 G. Catan,11169341602,,
1°2°-7,7,EP 199,CABA CUELLAR MATEO NICOLAS,95794732,25/12/2013,CHILE,Caceres Rodriguez Fabio,par.,mayor de obra,coronel garmendia 5398 G. Caceres,1155233751,,
1°2°-8,8,EP 199,CACERES SANTANDER MATHIAS L.,54050814,19/06/2014,ARG,Casco Silvia,arg.,est.,con.gomez5616 G. Catan,1523727943,,
1°2°-9,9,EP 199,CASCO BASTIAN OSCAR,53381934,30/07/2013,ARG,Zamudia Rios Celia,bol.,ama de casa,urdiminea 5668 G. Catan,1123727943,,
1°2°-10,10,EP 199,CHUQUIMIA SAMUDIO MILAGROS S.,53330253,3/07/2013,ARG,Del Valle Patricia ,arg.,asi.geronto.,con.gomez5562 G. Catan,1122358235,,
1°2°-11,11,EP 199,CORREA AMBAR ORIANA,53696045,30/01/2014,ARG,Correa Sara Beatriz,par.,ama de casa,Garmendia 5232 G. Catan,1162666088,,
1°2°-12,12,EP 199,DURÉ CORREA CAMILA LUJAN,53974452,6/06/2014,ARG,,,,,,,
1°2°-13,13,EP 199,GONZALEZ THIAN SIMON,53474740,24/10/2013,ARG,Guantai Alejandra Carina,arg.,empleada,Saenz 5266 G. Catan,1159191916,,
1°2°-14,14,EP 199,GUANTAI SAMIRA VALENTINA,53523709,23/10/2013,ARG,,,,,,,
1°2°-15,15,EP 199,HUANCA MENDOZA JENNIFER GIANINA,,,ARG,Livorsi Dominga,arg.,maestranza,Saenz 5073 G. Catan,1159822943,,
1°2°-16,16,EP 199,LIVORSI MORENA LUJAN,,13/12/2013,ARG,,,,,,,
1°2°-17,17,EP 199,MAMANI BAUTISTA MARIA ELIZABETH,,,ARG,"Chaca Condori, Nieves",bol.,ama de casa,Donizetti s/ numero. G. Catan,1126777915,,
1°2°-18,18,1°2°,"Ocsa Chaca, Ariel",52445375,3/04/2012,ARG,Salinas Taype Nancy,peruana.,   empleada,Doblas 8130 G. Catan,1136172834,,
1°2°-19,19,EP 199,ONOFRE SALINAS MATIAS ALEXANDER,53579248,27/09/2013,ARG,Flores Emilse,arg.,ama de casa,Perito Moreno lote 29 - G. Catan,1131246953,,
1°2°-20,20,EP 199,PEREZ LAUTARO NICOLAS,50903024,16/01/2011,ARG,Gutierrez Yamila Soledad,arg. ,ama de casa,INT. Russo 7878 G. Catan,1165845577,,
1°2°-21,21,EP 199,PRADO GUTIERREZ LUCIANA B.,53874474,10/04/2014,ARG,Quiroga Gladys,arg.,ama de casa,Cazón 6248 G. Catan,1123714391,,
1°2°-22,22,EP 199,QUIROGA MAIA ABIGAIL,53591011,15/10/2013,ARG,Rosas Nogales Justina,bol.,ama de casa,COBO 7968 G. Catan,1122748472,,
1°2°-23,23,EP 199,RODRIGUEZ ROSAS JOEL,53444985,29/11/2013,ARG,,,,,,,
1°2°-24,24,EP 199,SINIANIS CABA YAMILA,,,ARG,Gimenez Johana,arg.,ama de casa,Buenos Aires 7155. G.Catan,1172320186,,
1°2°-25,25,EP 199,SOMMER NICOLE ABRIL,53750473,8/02/2014,         ARG,Yegros Del Valle Rosa,pgy,ama de casa,Garmendia 5957 G. Catan,1169894381,,
1°2°-26,26,EP 199,TRINIDAD YEGROS JESICA,53953693,17/04/2014,         ARG,,,,,,,
1°2°-27,27,EP 199,YAPURA DIEGO LEONEL,53672427,16/12/2013,ARG,Gaona Tarsiana ,pgy,ama de casa ,Perito Moreno 32 G. Catan,1124937979,,
1°2°-28,28,EP 199,YEGROS GAONA SOFIA ANTONELLA,53608005,28/10/2013,        ARG,Frutos Faima,parag.,costurera,Doblas 7957 G.Catan,1155134703,,
1°2°-29,29,EES108,ESPINOLA FRUTOS KEVIN,53465699,29/08/2013,ARG,,,,,,,
1°3°-1,1,EP 199,ACUÑA PRISCILA EMILY F.,53579834,29/10/2013,Argentina,,,,,,,
1°3°-2,2,EP 199,AYALA PAUCARA ANGELES,53335222,24/07/2013,Argentina,,,,,,,
1°3°-3,3,EP 199,BARRIOS MORENA,53874787,13/04/2014,Argentina,,,,,,,
1°3°-4,4,EP 199,BORJA NAHIARA TATIANA,53858398,15/04/2014,Argentina,,,,,,,
1°3°-5,5,EP 199,CABRAL ZOE ABIGAIL,54050844,27/06/2014,Argentina,,,,,,,
1°3°-6,6,EP 199,CARDOZO SANTINO JOSUE,,16/06/2013,Argentina,,,,,,,
1°3°-7,7,EP 199,CARRAZANO BRIAN JAVIER,54529304,22/08/2013,Argentina,,,,,,,
1°3°-8,8,EP 199,CHANCO MEZA BENJAMIN MILAN,53950535,23/04/2014,Argentina,,,,,,,
1°3°-9,9,EP 199,CHAVEZ SANTINO MILO J.,,,,,,,,,,
1°3°-10,10,EP 199,CORONEL MIA VALENTINA,53602746,15/02/2014,Argentina,,,,,,,
1°3°-11,11,EP 199,CORVALAN SANTINO LEANDRO,53203695,12/07/2013,Argentina,,,,,,,
1°3°-12,12,EP 199,DEL PADRE VILLABA ANTHONY A.,53953646,15/04/2014,Argentina,,,,,,,
1°3°-13,13,EP 199,DIAZ LUZ JACKELINE,53721399,1/02/2014,Argentina,,,,,,,
1°3°-14,14,EP 199,DIAZ SHARON MICOL,53598542,30/01/2014,Argentina,,,,,,,
1°3°-15,15,EP 199,DIEGUEZ MARCELO VALENTIN,53750424,29/01/2014,Argentina,,,,,,,
1°3°-16,16,EP 199,HIDALGO TIZIANO BENJAMIN,53650485,17/01/2014,Argentina,,,,,,,
1°3°-17,17,EP 199,LEDESMA BASTIAN YAIR,53824952,31/05/2014,Argentina,,,,,,,
1°3°-18,18,EP 199,MEDINA CIRO BENJAMIN,53684075,25/04/2014,Argentina,,,,,,,
1°3°-19,19,EP 199,OLARTE LUNA SOLNAGE,53143958,26/05/2013,Argentina,,,,,,,
1°3°-20,20,EP 56,RAMIREZ LUCIO ROLANDO,53411166,20/08/2013,Argentina,,,,,,,
1°3°-21,21,EP 199,ROJAS HEREDIA REINALDO B.,53302501,3/08/2013,Argentina,,,,,,,
1°3°-22,22,EP 199,RUIZ RAMIREZ FABIOLA,53286634,23/07/2013,Argentina,,,,,,,
1°3°-23,23,EP 199,SANCHEZ SANTINO GAEL,53297048,13/08/2013,Argentina,,,,,,,
1°3°-24,24,EP 199,SORAIRE DIAZ SELENA JAZMIN,53525405,29/11/2013,Argentina,,,,,,,
1°3°-25,25,EP 199,SOSA MAXIMO GABRIEL,53648237,31/12/2013,Argentina,,,,,,,
1°3°-26,26,EP 199,TORRES BAUTISTA GONZALO,53833580,17/04/2014,Argentina,,,,,,,
1°3°-27,27,EP 199,VERON BIANCA ALEJANDRA,53437637,6/10/2013,Argentina,,,,,,,
1°3°-28,28,EP 183,MEDINA GIVANNI DAVID,53646014,1/12/2013,Argentina,,,,,,,
1°3°-29,29,EP 56,IZAURRALDE LUCAS TIZIANO,53974324,8/05/2014,Argentina,,,,,,,
1°3°-30,30,EP 199,GUZMAN FERREYRA TAHIEL A.,53974472,11/06/2014,Argentina,,,,,,,
1°4°-1,1,EP 199,ACEVEDO BRISA MAGALI,,,,CALLE Elsa,BOL,AMA DE CASA,PASAJE M. CESPEDES  7813,,,
1°4°-2,2,EP 199,ACEVEDO KIARA ISABELA,53469417,6/10/2013,Argentina,Pucheta Stella Maris,ARG,,"c.d la barca7649, G.Catan",1153894905,,
1°4°-3,3,EP 199,ACOSTA VEGA TIZIANO NAHUEL,,,,CASCO ANA,ARG,ASISTENTE,CAZON 6925,1156940025,,
1°4°-4,4,EP 199,CABRAL MIA AILEN,53437695,20/10/2013,Argentina,RIOS CONCEPCION,PAR,AMA DE CASA,COBO 8145,,,
1°4°-5,5,EP 199,CESPEDES CIELO GERALDIN ,52446917,26/04/2012,Argentina,ZORAIBA Franco,PAR,AMA DE CASA,VICTOR HUGO 5795,,,
1°4°-6,6,EP 199,CIOCIA KIARA BERENICE,53983855,28/04/2014,Argentina,GARCIA Maria,PAR,AMA DE CASA,TUYU 7830,,,
1°4°-8,8,EP 199,COLQUE CHURA JUAN DAVID,53894980,25/05/2014,Argentina,MAMANI HILARIA,BOL,AMA DE CASA,COBO 7842,1158560340,,
1°4°-9,9,EP 199,CUEVA NAHIARA JASMIN,53591124,28/10/2013,Argentina,AIZA DOMINGUEZ Teodora,BOL,AMA DE CASA,COBO 8142,,,
1°4°-10,10,EP 199,DIAZ DEMIAN,,,,VELAZQUEZ MENDOZA Lida,PER,AMA DE CASA,COBO 8164,,,
1°4°-11,11,EP 199,GOMEZ IAN JOHEL,53437525,10/09/2013,Argentina,Zeiss Erica,ARG,,"j.c. varela 5292, G.Catan",1122785712,,
1°4°-12,12,EP 199,GOMEZ SANDRA NOEMI,53974398,27/05/2014,Argentina,ORDOÑEZ Veronica,ARG,AMA DE CASA,ECHAURRI 7360,1161352929,,
1°4°-13,13,EP 199,GUARDO VALENTINO BENJAMÍN,,,,MOSQUEDA MICAELA,ARG,DOCENTE,CESPEDES 5626,1159952143,,
1°4°-14,14,EP 199,GUZMAN CELESTE NAHIARA,53134529,7/08/2013,Argentina,SALGADO CARRASCO Noelia,PER,AMA DE CASA,GARMENDIA 5715,,,
1°4°-15,15,EP 199,IZAURRALDE AMBAR ,53695953,15/01/2014,Argentina,GONZALEZ Marta,ARG,AMA DE CASA,R. LISTA 1328,,,
1°4°-16,16,EP 199,LEGUIZAMON DANTE TOMAS,53598550,9/02/2014,Argentina,MOLINA Mario,BOL,OBRERO,DOBLAS 7763,,,
1°4°-17,17,EP 199,LISITRA TIZIANO AMADEO,53525580,19/01/2014,Argentina,MEDINA Antonia,PAR,AMA DE CASA,CAZON 7756,,,
1°4°-18,18,EP 199,LUNA THIAGO NAHUEL,53444274,10/10/2013,Argentina,OTRERAS Gisela,ARG,AMA DE CASA,SAENZ 5240,,,
1°4°-19,19,EP 199,MACIEL ELIAS EMANUEL,53974348,13/05/2014,Argentina,AGUIRRE Celeste,ARG,LIMPIEZA,CHASSAING 5392,,,
1°4°-20,20,EP 199,MEDINA MAITE JAZMIN,56723028,21/08/2013,Argentina,POLLIO Gabriela Noemi,ARG,EMPLEADA DOMESTICA,BS.AS 7016,,,
1°4°-21,21,EP 199,MEJILLONES OSCO CAMILA,53335497,18/08/2013,Argentina,PAREDES Isabel,ARG,AMA DE CASA,ECHAURRI 7740,,,
1°4°-22,22,EP 199,MELGAREJO DORA GUADALUPE,56123937,7/05/2014,Argentina,PEÑARANDA Nancy,ARG,AMA DE CASA,BS. AS 7474,1159206705,,
1°4°-23,23,EP 199,MONTIEL BRUNO EMANUEL,53752787,19/02/2014,Argentina,LEGUIZAMON Fabiana,ARG,AMA DE CASA,RUSSO 6729,,,
1°4°-24,24,EP 199,MORENO MAGALI ABIGAIL,53833433,15/03/2014,Argentina,MACHUCA Lucia,ARG,AMA DE CASA,DONIZETTI 7426,,,
1°4°-25,25,EP 199,ORELLANA CRUZ SANTIAGO,,19/01/2014,Boliviana,BENITEZ Rosa,,AMA DE CASA,COBO 7939,,,
1°4°-26,26,EP 199,ORTIZ GUADALUPE SOLEDAD,52943088,9/01/2013,Argentina,CABA MACHADO Ana,BOL,AMA DE CASA,COBO 7563,,,
1°4°-27,27,EP 199,PLAZA FACUNDO GABRIEL,53395195,1/08/2013,Argentina,REYES Rosa,ARG,AMA DE CASA,GARMENDIA 5342,,,
1°4°-28,28,EP 199,PRUÑONOSA CARLA E.,53832334,17/03/2014,Argentina,,,,,,,
1°4°-29,29,EP 199,QUINTANA VILLALBA CARLOS F.,53417583,19/08/2013,Argentina,,,,,,,
1°4°-30,30,EP 199,QUIÑONES SUAREZ IAN DANIEL ,52719292,18/10/2012,Argentina,,,,,,,
1°4°-31,31,EP 199,ZARATE ZOE MARIEL ,53203690,8/07/2013,Argentina,,,,,,,
1°4°-32,32,Quinquela Martin,TALIA EMMA LISETTE,53855173,21/03/2014,Argentina,,,,,,,
1°4°-33,33,EP 199,SERVIAN BRITEZ ANGELA MARISOL,52420640,4/06/2012,Argentina,,,,,,,
1°4°-34,34,EES 124,GALVAN AZUL IARA,53525482,29/12/2013,Argentina,,,,,,,
1°4°-35,35,EP 199,GONZALEZ THIAN SIMON,53474740,24/10/2013,,CALLE Elsa,BOL,AMA DE CASA,PASAJE M. CESPEDES 7813,,,
1°5°-1,1,1°4°,"Alcaraz Pascua, Naila Yazmin",52790819,5/11/2012,  ARGENTINA,CALLE Elsa,BOL,AMA DE CASA,PASAJE M. CESPEDES  7813,,,
1°5°-2,2,1°3°,"Caballero, María Celeste Ailen",49676159,2/09/2009,ARGENTINA,Pucheta Stella Maris,ARG,,"c.d la barca7649, G.Catan",1153894905,,
1°5°-3,3,1°4°,"Campos Josef, Florencia Malena",50804209,12/12/2010,ARGENTINA,CASCO ANA,ARG,ASISTENTE,CAZON 6925,1156940025,,
1°5°-4,4,1°3°,"Castro Mancuello, Cristopher R.",53088845,27/03/2003,ARGENTINO,ZORAIBA Franco,PAR,AMA DE CASA,VICTOR HUGO 5795,,,
1°5°-6,6,1°5°,"Gonzalez, Lionel Benjamin",53065100,2/05/2013,ARGENTINO,GARCIA Maria,PAR,AMA DE CASA,TUYU 7830,,,
1°5°-7,7,1°2°,"Martinez, Zoe Pilar",33609401,18/05/2013,ARGENTINA,AIZA DOMINGUEZ Teodora,BOL,AMA DE CASA,COBO 8142,,,
1°5°-9,9,1°1,PAVON DEL VALLE MATIAS,51489638,,ARGENTINO,VELAZQUEZ MENDOZA Lida,PER,AMA DE CASA,COBO 8164,,,
1°5°-10,10,1°4°,"Peñalba, Zahira Milena",52622827,28/07/2012,ARGENTINA,ORDOÑEZ Veronica,ARG,AMA DE CASA,ECHAURRI 7360,1161352929,,
1°5°-12,12,1°3°,"Real Diaz, Juan de Dios",53086343,,ARGENTINO,MOSQUEDA MICAELA,ARG,DOCENTE,CESPEDES 5626,1159952143,,
1°5°-13,13,1°5°,"Salto, Thiago Hernan",52831429,7/12/2012,ARGENTINO,GONZALEZ Marta,ARG,AMA DE CASA,R. LISTA 1328,,,
1°5°-15,15,1°4°,"Vallejos, Benjamin Elias",52979657,14/02/2013,ARGENTINO,MEDINA Antonia,PAR,AMA DE CASA,CAZON 7756,,,
1°5°-18,18,,"Peñalba, Tiziano",50482900,27/07/2010,ARGENTINO,OTRERAS Gisela,ARG,AMA DE CASA,SAENZ 5240,,,
1°5°-19,19,,Alarcon Ian,50860801,7/10/2011,ARGENTINO,AGUIRRE Celeste,ARG,LIMPIEZA,CHASSAING 5392,,,
1°5°-20,20,,Saurez Santino ,49934866,29/12/2009,ARGENTINO,POLLIO Gabriela Noemi,ARG,EMPLEADA DOMESTICA,BS.AS 7016,,,
1°5°-21,21,,Rodriguez Maximiliano ,53886126,19/04/2014,ARGENTINO,PEÑARANDA Nancy,ARG,AMA DE CASA,BS. AS 7474,1159206705,,
1°5°-24,24,,"Verdun Vazquez, Dylan Ariel",,,,LEGUIZAMON Fabiana,ARG,AMA DE CASA,RUSSO 6729,,,
1°5°-25,25,,Aguirre Tiziano,50900707,18/03/2011,ARGENTINO,MACHUCA Lucia,ARG,AMA DE CASA,DONIZETTI 7426,,,
1°5°-26,26,,Barreto Vargas Genaro,52859690,24/12/2012,ARGENTINO,BENITEZ Rosa,,AMA DE CASA,COBO 7939,,,
1°5°-27,27,,Cepeda Juan Domingo,50390060,4/04/2011,ARGENTINO,CABA MACHADO Ana,BOL,AMA DE CASA,COBO 7563,,,
1°5°-28,28,,Estigarribia Leonel,52118768,23/02/2012,ARGENTINO,REYES Rosa,ARG,AMA DE CASA,GARMENDIA 5342,,,
1°5°-29,29,,Gonzalez Sanchez Denis,52952413,7/02/2013,ARGENTINO,,,,,,,
1°5°-30,30,,Olarte Luna Solange,,,ARGENTINA,,,,,,,
1°5°-31,31,,Alarcon Iara,,,,,,,,,,
1°5°-32,32,,Suarez Quiñones Ian,,,,GARNICA CAMACHO,bol,ama de casa ,Riglos 7836 G. Catán ,1125350344,,
2°1°-1,1,1°1°,Aiza Garnica Yamila,52689529,12/11/2012,ARG,SOSA SOLEDAD,arg,ama de casa,conde 3558 G. Catán ,1157325841,,
2°1°-2,2,1°1°,Albarenga Rayhan Anthony,52657527,1/09/2012,ARG,FERREIRA SOSA DINA,pgy,ama de casa,int. russo 7855 G. Catán ,1125560211,,
2°1°-3,3,1°1°,Alderete Ferreira Guadalupe,52770290,16/09/2012,ARG,BLANCO KARINA,arg,empleada,cobo 7049 G. Catán ,1162809188,,
2°1°-4,4,1°1°,Alfonso Victoria,52623005,28/10/2012,ARG,,,,,,,
2°1°-5,5,1°5°,"Altamirano, Agustina Belén",53088266,11/03/2013,ARG,AGUILERA SOLEDAD,arg,empleada,doblas 7137 G. Catán ,1132174347,,
2°1°-6,6,1°1°,Asis Thiago Facundo,52721931,20/10/2012,ARG,ARECO CELINA,pgy,empleada,Buenos aires 7636 G. Catán ,1134827330,,
2°1°-7,7,1°1°,Bareiro Areco Jonathan,75344457,26/07/2012,Paraguaya,BRITEZ PAULA,arg,empleada,Saenz 5450 G. Laferrere ,1138589979,,
2°1°-8,8,1°1°,Britez Morena Abigail,53068987,25/03/2013,ARG,CARMONA LORENA,arg,ama de casa ,int. russo 7450 G. Catán ,1165746263,,
2°1°-9,9,1°1°,Caballero Carmona Luna Nataly,52647207,10/08/2012,ARG,CALLIZAYA MARIALY,bol,ama de casa,consejal p. Gómez 5560 G. Laferrere ,1164362600,,
2°1°-10,10,1°1°,Chino Callizaya Heidi,52727436,7/10/2012,ARG,POLLIO KARINA,arg,empleada,Buenos aires 7016 G. Catán ,1124854904,,
2°1°-11,11,1°5°,"Del Valle, Kiara Guadalupe",52590164,18/07/2012,ARG,DUARTE MARÍA LUISA,pgy,empleada ,int. fed. Russo 7756 G. Catán ,1124874363,,
2°1°-12,12,1°1°,Dure Duarte Romina Ailen,52590149,16/07/2012,ARG,MAIDANA CLAUDIA ,arg,empleada ,Juan c Varela G. Laferrere ,1169895050,,
2°1°-13,13,1°1°,Falcon Maidana Zoe Nerea,52623058,28/01/2013,ARG,SANCHEZ ELIANA,arg,ama de casa ,Zelada 5309 G. Laferrere ,1159622471,,
2°1°-14,14,1°1°,Fernandez Zoe,52669500,5/09/2012,ARG,BAEZ CRISTINA ,pgy,empleada ,cazón 4858 G. Laferrere ,1144400062,,
2°1°-15,15,1°1°,Ferreira Baez Yasmin Araceli,53203512,23/05/2013,ARG,ROMERO ANGELA,arg,ama de casa ,Donizetti 6715 G. Catán de ,1152577361,,
2°1°-16,16,1°1°,Gerez Nicole,53051829,11/04/2013,ARG,ARANIBAR BLANCO KARINA,arg,ama de casa,donizzeti 7381 G. Catán ,1158723285,,
2°1°-17,17,1°1°,Herrera Benjamin Thiago,52767612,1/11/2012,ARG,TRINIDAD DAIHANA ,pgy,empleada,perito moreno 41 G. Catán ,1134670733,,
2°1°-18,18,1°1°,Lopez Trinidad Sheila,52979665,15/02/2013,ARG,MENDEZ YEBARA MARTHA,bol,empleada ,Buenos aires 7634 G. Catán ,1123601097,,
2°1°-19,19,1°1°,Nuñez Mendez Jenifer,52861283,7/06/2013,ARG,LEGUIZA MONICA ADRIANA,arg,empleada ,int. fed. Russo 7757 G. Catán ,1124933103,,
2°1°-20,20,1°1°,Obes Laia,52719236,13/07/2012,ARG,PEREZ ANA,arg,ama de casa,Riglos 7490 G. Catán ,1126356200,,
2°1°-21,21,1°1°,Carrion Daira Yasmin,52958712,12/12/2012,ARG,"BARJA CONDORI, M",bol,ama de casa ,Garmendia 5660 G. Catán ,1130586627,,
2°1°-22,22,1°1°,Rafael Barja Mailin,52911382,10/04/2013,ARG,,,, ,,,
2°1°-23,23,1°5°,"Rios, Maite Magaly",51338939,13/09/2011,ARG,GONZALEZ GLORIA,pgy,ama de casa ,doblas 7562,1161121675,,
2°1°-24,24,1°1°,Rolon Gonzalez Ulises Dionel,52727566,22/08/2012,ARG,ZEGARRA MARILYN,peruana,empleada ,zelada 5450,1159813637,,
2°1°-25,25,1°1°,Ruiz Zegarra Benjamin,52925839,24/06/2013,ARG,OSORES CARLA,arg,empleada ,int. Russo 6612,1151202703,,
2°1°-26,26,1°1°,Salinas Thiago Adriel,52622987,1/01/2013,ARG,CALDERON ALEJANDRA ,arg,empleada,Buenos aires 7110,1164177313,,
2°1°-27,27,1°1°,Sanchez Bastian Benjamin,52925897,13/01/2013,ARG,BEJARANO SOLANGE,arg,empleada,marcos paz 5078,1120499173,,
2°1°-28,28,1°1°,Scheffler Thomas Alberto A.,52910127,10/01/2013,ARG,SILCAN SEBASTIÁN ,arg,empleado ,echaurri 7450,1134693633,,
2°1°-29,29,1°1°,Silcan Sebastian,52920373,4/11/2012,ARG,TELLO SANDRA,arg,empleada,donizzeti 6715,1122799451,,
2°1°-30,30,1°1°,Toledo Mateo,52910179,6/10/2012,ARG,DEL VALLE GENOBEBA,pgy,ama de casa,Eva Perón 7537,1162847342,,
2°1°-31,31,1°1°,Trinidad Del Valle Sofia Ayelen,52779386,15/02/2012,ARG,FERNANDEZ DEBORA,arg,ama de casa,Calderón de la barca 6977,1130606247,,
2°1°-32,32,1°1°,Almeira Martin,50610432,,,"Vento Balmaceda, m.",pgy,limpieza,Saenz 6024,1157534983,,
2°1°-33,33,1°1°,"Torales Vento, Lucas Alexis",52708318,,,,,,,,,
2°1°-34,34,1°1°,"Garron, Camila Fernanda",96296317,,,,,,,,,
2°1°-35,35,1° 3°,"Aguilera Ferreira, Zoe",,,,Josef Yesica Estefania,Argentina,Ama de Casa,,,,
2°1°-36,36,2-4,Ponce Medina Dylan Tiziano,52831415,28/11/2012,Argentina,,,,VICTOR HUGO 5675,1126640294,,
2°2°-1,1,1°2°,"AGUIRRE, MARTINA NICOLE",52641621,12/07/2012,         ARG,,,,RIGLOS 9007,1124619431,,
2°2°-2,2,1°2°,"Alarcon Sanchez, Dana Nicole",52623028,16/12/2012,ARG,,,,ESTOMBA 5509,1150079975,,
2°2°-3,3,1°2°,"Arnez Vargas, Ana Aylen",53061357,27/03/2013,ARG,,,,tafi 4800,1162090520,,
2°2°-4,4,1°2°,"Berart, Alexis Sebastian",56264143,22/10/2012,ARG,,,,tafi 4800,1162090520,,
2°2°-5,5,1°2°,"Berart, Nahuel Nicolas",56264142,22/10/2012,ARG,,,,VICTOR HUGO 5163,,,
2°2°-6,6,1°5°,"Beron, Tatiana Antonella",52590120,10/07/2012,ARG,,,,COBO 8145,1169813622,,
2°2°-7,7,1°2°,"Campuzano, Kevin Lionel",52626454,7/08/2012,ARG,,,,,,,
2°2°-8,8,1°2°,"Cardozo, Rios Marisa",52696708,1/08/2012,ARG,,,,COBO 8017,1135067651,,
2°2°-9,9,1°2°,"Carrizo, Iara Kimei",53088924,5/04/2013,ARG,,,,zabala 5355,1131287361,,
2°2°-10,10,1°2°,"Chavez Chavez, Erik",53048634,18/08/2012,ARG,,,,donizzetti 7480,1130789421,,
2°2°-11,11,1°2°,"Chena Ruiz Diaz, Matias Alejandro",52649712,26/09/2012,ARG,,,,cobo 8164,11,,
2°2°-12,12,1°2°,"Cubillas, Axel Matias",52671436,12/08/2012,ARG,,,,echaurri 7482,1164124210,,
2°2°-13,13,1°2°,"Delgado Velasque, Alexis Nahuel",52642639,27/09/2012,ARG,,,,g. de doblas 7498,1134509466,,
2°2°-14,14,1°2°,"Fernandez Recalde, Ana Bianca",52789663,10/05/2013,ARG,,,,doblas 6885,1166655697,,
2°2°-15,15,1°2°,"Ferreira Ibarra, Nicole",53213454,29/08/2012,ARG,,,,bsas 7199,1140672471,,
2°2°-16,16,1°2°,"Hualpa Coria, Maria Liz",52855482,9/10/2012,ARG,,,,,,,
2°2°-17,17,1°2°,"Larrea, Ambar Candela",,,ARG,,,,saraza 6080,1161274760,,
2°2°-18,18,1°2°,"Melgarejo Leites Dos Santos, Jorge",52985139,22/02/2012,ARG,,,,,,,
2°2°-19,19,1°2°,"Mencia Bustos, Jade",53203535,26/05/2013,ARG,,,,,,,
2°2°-20,20,1°2°,"Mendez Benitez, Thiago",53167519,14/04/2013,ARG,,,,,,,
2°2°-21,21,1°2°,"Monzon, Daiara Ailin",52790992,23/12/2012,ARG,,,,,,,
2°2°-22,22,1°2°,"Pachado, Naila",52910274,1/02/2013,ARG,,,,,,,
2°2°-23,23,1°2°,"Perez, Leandro Daniel",52441763,25/04/2013,ARG,,,,,,,
2°2°-24,24,1°2°,"Quintana Bazan, Iliana",53176029,25/04/2013,ARG,,,,,,,
2°2°-25,25,1°2°,"Rafael Barja, Brisa",52911383,12/12/2012,         ARG,,,,,,,
2°2°-26,26,1°2°,"Samudio Britez, Mariana",52648941,21/08/2012,         ARG,,,,,,,
2°2°-27,27,1°2°,"Sanchez, Nahiara",52765307,13/10/2012,         ARG,,,,,,,
2°2°-28,28,1°3°,"Núñez Velázque, Francis Gabriel",52444539,23/07/2012,         ARG ,,,,,,,
2°2°-29,29,1°3°,"Aguilera Ferrerira, Zoe De Los A.",52952869,,         ARG,,,,,,,
2°2°-30,30,1°2°,"Molina, Priscila Antonella",53291694,15/04/2013,         ARG,,,,,,,
2°2°-31,31,1°2°,"Sanchez, Valentino Bastian",52418627,23/07/2012,         ARG,,,,,,,
2°2°-32,32,1°2°,"Ferreyra, Ivan Dario",52626584,29/03/2012,         ARG,,,,,,,
2°2°-33,33,1°2°,"Maciel, Nahiara Aylin",52581758,12/09/2012,         ARG,"Acuña, Evelin",Argentina ,ama de casa,Buenos Aires 7195,,,
2°3°-1,1,1°5°,"Acuña, Iara Yasmin",52790891,22/11/2012,Argentina,Larrea Gladys V.,Argentina ,Ama de casa,Marcos Paz 5081,,,
2°3°-2,2,1°3°,"Aguirre, Thiago Ramiro Aaron",52794106,13/11/2012,Argentina,Larrea Gladys,Argentina ,Empleada,Marcos Paz 5081/ Laferrere ,1153413476,,
2°3°-3,3,1°4°,"Alderete, Ian Tobias Uriel",52394065,2/04/2012,Argentina,"Corbalan, Belén",Argentina , ama de casa,J.C. Varela 4923,,,
2°3°-4,4,1°5°,"Alvarez, Gustavo Tahiel",53203503,23/05/2013,Argentina,"Diaz, Liliana Beatriz",Argentina ,ama de casa ,Alcorta s/n  E/Flores y Riglos.,,,
2°3°-5,5,1°3°,"Barrios, Alejandro Conrado Amado",50846085,6/11/2011,Argentina,Ferreyra  Evangelina,Argentina ,Ama de casa,Carcaraña  6379/ Laferrere ,1125713111,,
2°3°-6,6,1°3°,"Cabral, Dylan Santino",52727578,26/10/2012,Argentina,Valenzuela Maria,Argentina ,Empleada ,V Hugo 5154/Laferrere ,1122855334,,
2°3°-7,7,1°3°,"Cabral, Pablo Tomas",50610510,19/08/2011,Argentina,Mancuello Romero Maria,Argentina ,ama de casa ,Perito Moreno 40/ G Catán ,1151084166,,
2°3°-8,8,1°3°,"Casariego, Máximo Patricio",53203648,27/06/2013,Argentina,Sotelo Nilda,Argentina ,Empleada ,Garmendia 5272/ G Catán ,,,
2°3°-9,9,1°3°,"Colman Sotelo, Eduardo Gonstantino",52672473,11/09/2012,Argentina,González Maria,Paraguaya ,ama de casa ,C Gomez 5563/G CATÁN ,1166923618,,
2°3°-10,10,1°5°,"Coria, Morena Camila",53175378,15/03/2013,Argentina,Sosa Araceli,Paraguaya , ama de casa ,Donizzetti 7396/ G Catán ,1121720871,,
2°3°-11,11,1°3°,"Del Valle González, Federico I",53211853,22/05/2013,Argentina,Fernández Jacqueline,Argentina , ama de casa,V Hugo 5167/ G Catán ,1158540084,,
2°3°-12,12,1°3°,"Enciso Sosa, Kiara Maite",52910293,6/02/2013,Argentina,Galvan Lidia,Argentina ,ama de casa,Saenz 5094/ Laferrere ,1134134113,,
2°3°-13,13,1°3°,"Fernández, Naila Tatiana",52985118,14/02/2013,Argentina,Grueso Agustina,Argentina ,Empleada ,Juan Cómo 7089/ G Catán ,1155823710,,
2°3°-14,14,1°3°,"Ferraris, Mía Priscila",52420582,23/05/2012,Argentina,Galiceo Mariana,Argentina ,ama de casa,Cazón 6866/ Laferrere ,1127257671,,
2°3°-15,15,1°3°,"Flores, Ciro Agustín",53144252,21/08/2012,Argentina,Moran Claudia ,Argentina ,ama de casa ,Donizzetti 7449/ G Catán ,1139384735,,
2°3°-16,16,1°5°,"Jaimez, Maria Angela",53243728,21/03/2013,Argentina,Vallejos  Yesica ,Argentina ,ama de casa ,Saraza 5307/ Laferrere ,2213636037,,
2°3°-17,17,1°5°,"Lopez Falcon, Aylen",52721732,26/09/2012,Argentina,Martinez perla,Argentina ,ama de casa ,,,,
2°3°-18,18,1°5°,"Lopez Lopez, Jesus Missael",95543457,12/12/2012,Argentina,López Elizabeth ,Paraguaya ,ama de casa ,Buenos Aires 7536/ Catán ,1132774998,,
2°3°-19,19,1°5°,"Lopez, Melany Noemi",52910138,29/12/2012,Argentina,Velazque  Mendoza,Peruana,ama de casa ,Cobo 8164/ G Catán ,1156513715,,
2°3°-20,20,1°5°,"Lopez, Tiziano Aron",52985209,21/03/2013,Argentina,Gauna Jenifer,Argentina ,ama de casa ,,,,
2°3°-21,21,1°5°,"Lugo Vargas, Alan Benjamin",53200877,23/06/2013,Argentina,Arrua Gladys,Paraguaya ,ama de casa ,Zelada 5357/ G Catán ,1157430279,,
2°3°-22,22,1°3°,"Maidana, Mía Morena",51123329,2/05/2011,Argentina,Iriarte Vallejos ,Boliviana,ama de casa ,Buenos Aires 7634/ Catán ,1137571503,,
2°3°-23,23,1°3°,"Mendoza López, Leonel Antonio A.",52858644,24/11/2012,Argentina,Santillan Mabel,Argentina ,Ama de casa ,Buenos Aires  7369/ Catán ,1131298114,,
2°3°-24,24,1°5°,"Mercado, Javier Antonio Walter",52910157,5/01/2013,Argentina,Chapa Bianca,Argentina ,ama de casa ,Spiro 3227/ Laferrere ,1150427490,,
2°3°-25,25,1°5°,"Mercado, Kiara Lucila",53048582,26/02/2013,Argentina,Videla Javier,,,,,,
2°3°-26,26,1°5°,"Morguen Martinez, Bianca Geraldine",52789890,22/11/2012,Argentina,Villagra  Ruben,Argentina ,Albañil ,Santo Tomé 4958/ Laferrere ,1131464688,,
2°3°-27,27,1°3°,"Olazar Arrua, Bautita Fabián",52727575,27/10/2012,Argentina,Parra Mallorquín  Julia,Paraguaya ,ama de casa ,Riglos 7879/ G Catán ,,,
2°3°-28,28,1°5°,"Rojas Medina, Lucia Beatriz",52790968,18/12/2012,Argentina,Vivas Verónica ,Argentina ,ama de casa ,Garmendia y Riglos/ Catán ,3764175945,,
2°3°-29,29,1°3°,"Romero, María Valentina",53086637,15/02/2013,Argentina,Coronel Andrea,Argentina , Ama de casa ,Riglos 7280/G Catán ,1151081628,,
2°3°-30,30,1°3°,"Santillán, Yair Benjamín",53203597,18/05/2013,Argentina,Ramirez Mariela,Argentina ,ama de casa ,Urdimenea 4956/ Laferrere ,,,
2°3°-31,31,1°3°,"Silva, Valentín Benjamín",56033326,25/07/2011,Argentina,,,,,,,
2°3°-32,32,1°5°,"Soto Diaz, Dariel Gabriel",53176444,16/05/2013,Argentina,,,,,,,
2°3°-33,33,1°3°,"Videla, Vanesa",52957457,31/01/2013,Argentina,Ferraris Maria ,,,Marcos Paz 5233/ Laferrere ,,,
2°3°-34,34,1°3°,"Villalba Parra, Jésica",52953779,10/12/2012,Argentina,,,,,,,
2°3°-35,35,1°3°,"Vivas, Adrés Damián",52741810,30/10/2012,Argentina,Aguiera Eduardo Emilio,Argentino,Electricista,,,,
2°4°-1,1,1°3°,"Aballay, Uma Geraldine",52986486,7/03/2013,Argentina,Larrea Gladys,Argentina,Ama de Casa,,,,
2°4°-2,2,,"Aguilera, Sasha Haydee",52420609,28/05/2012,Argentina,Pascua Daiana Solange,Argentina,Ama de Casa,,,,
2°4°-3,3,,"Alaniz, Brandon",51246064,1/08/2011,Argentina,Josef Mirian Susana,Argentina,Ama de Casa,,,,
2°4°-4,4,,"Aybar, Lisandro Gabriel",53198029,4/05/2013,Argentina,Aybar Maria eugenia,Argentina,Ama de Casa,,,,
2°4°-5,5,,"Barrios, Santino Lionel",53068986,2/05/2013,Argentina,Todelo Silvina Alejandra,Argentina,Ama de Casa,,,,
2°4°-6,6,,"Britez Almada, Elizabeth",53203657,30/06/2013,Argentina,Britez Candida,Argentina,Ama de Casa,,,,
2°4°-7,7,,"Casco, Maia Nahiara",52590114,6/07/2012,Argentina,Campos Rodrigo,Argentino,Amo de Casa,,,,
2°4°-8,8,,"Chamorro, Luz Celeste",,16/02/2012,Argentina,Gonzalez Mariel,Argentina,Ama de Casa,,,,
2°4°-9,9,,"Condori Copa, Miriam",95553436,25/12/2012,Boliviana,Ponce Sabrina Ayelen,Argentina,Ama de Casa,,,,
2°4°-10,10,,"Cuiza Barriga, Axel Matias",52831418,12/03/2013,Argentina,Chaparro Alicia Isabel,Argentina,Ama de Casa,,,,
2°4°-11,11,,"Currimil, Milagros Ayelen",52985187,12/03/2013,Argentina,Copa Mamani Celia,Bolivia,Ama de Casa,,,,
2°4°-12,12,,ESPINOZA MICOL,,12/11/2012,Argentina,Lacoa Mamani Antonia,Bolivia,Ama de Casa,,,,
2°4°-13,13,,"Ferreira, Ángel Javier",52719263,13/10/2012,Argentina,Zalazar Alejandra,Argentina,Ama de Casa,,,,
2°4°-14,14,,"Ferreyra, Lisandro Santino Tahiel",52790831,7/11/2012,Argentina,Ferreyra Estefania Soledad,Argentina,Ama de Casa,,,,
2°4°-15,15,,"Gongora, Joaquín",52608248,9/07/2012,Argentina,Callapino Joana Cintia,Argentina,Ama de Casa,,,,
2°4°-16,16,,"Grimaldes Rodriguez, Boris Kenji",52643352,13/07/2012,Argentina,Nuñez Angela,Argentina,Ama de Casa,,,,
2°4°-17,17,1°3°,"Gutierrez, Tahiel Dario",52799247,15/10/2012,Argentina,Toledo Cintia Noemi,Argentina,Ama de Casa,,,,
2°4°-18,18,,"Josef, Yair Maximiliano Agustin",52622805,26/07/2012,Argentina,Rodriguez Wilma,Bolivia,Ama de Casa,,,,
2°4°-19,19,,"Pereira, Axel Geronimo",52306735,18/07/2012,Argentina,,,,,,,
2°4°-20,20,,"Ponce Medina, Dylan ",,,,Mansilla Gisela Romina,Argentina,Ama de Casa,,,,
2°4°-21,21,,ROMERO SANTINO YAMIL,53065115,6/05/2013,Argentina,Franco Medina Angelica,Paraguay,Ama de Casa,,,,
2°4°-22,22,,"Ruiz Diaz Dávalos, Lucas",52952389,5/04/2013,Argentina,Baez Karen Johana,Argentina,Ama de Casa,,,,
2°4°-23,23,,"Santa Cruz, Richard Gabriel",53068915,24/03/2013,Argentina,Pereira Liliana,Argentina,Ama de Casa,,,,
2°4°-24,24,,"Serrano,Morena Nair",52426372,27/06/2012,Argentina,Medina claudia Patricia,Argentina,Ama de Casa,,,,
2°4°-25,25,1°4°,"Torres, Oriana Martina",52985222,25/03/2013,Argentina,Davalos Rivero lucia,Paraguay,Ama de Casa,,,,
2°4°-26,26,,"Varela, Thiago Josue",52695272,19/07/2012,Argentina,Serviin camila Celeste,Argentina,Ama de Casa,,,,
2°4°-27,27,,"Gomez, Geremias Agustin",52591975,13/06/2012,Argentina,Sos Cintia Noemi,Argentina,Ama de Casa,,,,
2°4°-28,28,,"Luna, Matias Fabian",,,Argentina,Vento Balmaceda Maria,Paraguay,Ama de Casa,,,,
2°4°-29,29,,"Alderete, Ian Tobias Uriel",52394065,2/04/2012,Argentina,Sosa Gisela Analia,Argentina,Ama de Casa,,,,
2°4°-30,30,,"Garcia, Uriel Diego Benito",49523001,9/05/2009,Argentina ,Benitez Tamara,Argentina,Ama de Casa,Francisco Zelada 5568,1139214687,,
2°5°-2,2,1°5°,"Cabrera, Yamir",52002060,16/01/2012,ARGENTINO,Gonzalez Mariel,Argentina,Ama de Casa,Marcos Paz 5047,1149808987,,
2°5°-4,4,1°5°,"Cardozo, Camila Aylen",52025781,15/04/2012,ARGENTINA,Carrizo Mabel,Argentina,Ama de Casa,Buenos Aires 7641,1162663791,,
2°5°-5,5,1°5°,"Carrizo, Alexander Misael",52590178,20/07/2012,ARGENTINO,,,,,,,
2°5°-6,6,1°5°,"Diaz, Ian Miguel",51438717,,,,,,,,,
2°5°-7,7,EES N 102,Goitea Jasiel,51146631,,,Paez Maria Delicia,Argentina,Ama de Casa,,21170047,,
2°5°-9,9,1°2°,"Gomez, Romeo",54879273,23/11/2011,ARGENTINO,Ferreyra Melody,Argentina,Ama de Casa,Buenos Aires 7522,1157688815,,
2°5°-10,10,,"Guzman, Ian Santino",52671362,10/09/2012,ARGENTINO,Moran Claudia,Argentina,Ama de Casa,Donizetti 7449,1139384735,,
2°5°-11,11,1°3°,"Maciel, Daian Nahuel",53065136,12/05/2013,ARGENTINO,,,,,,,
2°5°-12,12,1°4°,"Mansilla, Eliel Sebastian",51435418,,,Sohrobigabot Laura,Argentina,Ama de Casa,Doblas 6890,1127005228,,
2°5°-13,13,,"Perez, Alejandro Uriel",50778821,20/02/2011,ARGENTINO,Rojas Pascua Tatiana,Argentina,Ama de Casa,Buenos Aires 6770,1123256601,,
2°5°-14,14,,"Rojas Pascua, Maycol Tahiel",53203580,9/06/2013,ARGENTINO,Sosa Maria Soledad,Argentina,Empleada,Victor Hugo 5092,1164306875,,
2°5°-15,15,,Sosa Lucero Thiago,53240915,21/05/2013,ARGENTINO,Vazquez Rolon Rocio,Paraguaya,Empleada,Garmendia 5320,1151052311,,
2°5°-16,16,,"Verdun Vazquez, Dylan Ariel",52002206,30/12/2011,ARGENTINO,Casco Luna,Argentina,Ama de Casa,Concejal Gomez 5616,1128269542,,
2°5°-17,17,,Casco Ariadna,50724472,4/11/2009,ARGENTINA,Nuñez Gladys,Argentina,Ama de Casa,,,,
2°5°-18,18,,Nuñez Sandra,52700907,,ARGENTINA,Baez Gladis,Argentina,Ama de Casa,Riglos 7788,1131381745,,
2°5°-19,19,,Maciel Tania,23211875,26/05/2013,ARGENTINA,Galiceo Mariana,Argentina,Aux de enfermeria,Cazon 6866,1127170222,,
2°5°-20,20,1°3°,"Geréz, Leandro Nicolás",52599049,22/08/2012,ARGENTINA,,,,,,,
2°5°-21,21,1°5°,"Chamorro, Luz Celena",54711040,,,Zeniguel Rocio,Argentina,Ama de Casa,Victor Hugo 5341,3794549198,,
2°5°-22,22,,Espinoza Agustin,49326957,21/05/2009,ARGENTINO,Piris Carolina Raquel,Argentina,Ama de Casa,,1165983019,,
2°5°-23,23,,Garcia Uriel,49523001,9/05/2009,ARGENTINO,,,,,,,
2°5°-24,24,1-2,"Rafael Barja, Brisa",52911383,12/12/2012,         ARG,Contrera Andrea Guadalupes,Argentina,Ama de Casa,Urdimenea 4227,1126727293,,
2°5°-25,25,ms 28,GEREZ IAN BENJAMIN ,52160280,6/03/2012,ARGENTINO,"CALLE, Elsa",BOL,AMA DE CASA,Cespedes 3871,1128509448,,
3°1°-1,1,2°5°,"AGUILERA VERA, Milagros",95472113,16/09/2011,PARAGUAYA,"IBARRA, Johovana",ARG,AMA DE CASA,Bs As 7381,1178886743,,
3°1°-2,2,2°1°,"Aldana Calle, Franco",52403115,13/04/2012,ARGENTINA,"BENITEZ, Hernan",ARG,ALBAÑIL,Riglos 7836,1133764840,salió con pase,
3°1°-3,3,2°1°,"Apaz Ibarra, Luciana",52138259,17/02/2012,ARGENTINA,"AYALA MENDOZA, MARGARITA",ARG,AMA DE CASA,ALCORTA Y TROLES,1144757760,,
3°1°-4,4,2°5°,"AYALA, MAGALI",51429501,16/11/2011,ARGENTINA,"CABAÑA, Andrea",ARG,AMA DE CASA,Varela 4971,1165934321,,
3°1°-5,5,2°5°,"BARRIENTOS, ROMAN",52590679,29/06/2012,ARGENTINA,"ALTAMIRANDA, Karina",ARG,AMA DE CASA,Besares 7291,1150298415,,
3°1°-6,6,2°5°,"BARRIOS, Erika",50439292,19/08/2010,ARGENTINA,"ROTELA, Paula",PAR,AMA DE CASA,Urdimenea 5526,1125809584,,
3°1°-7,7,2°1°,Benitez Agustina,51592808,2/12/2012,ARGENTINA,"ALOMO, Natalia",ARG,AMA DE CASA,Bs. As. 7630,1151336154,,
3°1°-8,8,2°5°,"CONDORI AIZA, Emanuel",51390108,28/07/2011,ARGENTINA,"MEDINA, Antonia",PAR,AMA DE CASA,Cazon 7756,1170728233,,
3°1°-9,9,2°5°,"DAVILA, Melisa Abril",52138179,12/05/2012,ARGENTINA,"POLLIO, Gabriela",ARG,AMA DE CASA,Bs As 7016,1157690984,,
3°1°-10,10,2°5°,"Endrizzi, Victoria",51388863,18/09/2011,ARGENTINA,"QUIROZ, Adriana",ARG,AMA DE CASA,Russo 6350,1138552051,,
3°1°-11,11,2°1°,"Gauto, Valentina",51438704,22/12/2012,ARGENTINA,"SALGADO, Noelia",PAR,AMA DE CASA,Garmendia 5715,1127687977,,
3°1°-12,12,2°1°,"Gimenez, Leon Tahiel",52025701,28/06/2012,ARGENTINA,"QUISPE MAMANI, Yeny",BOL,AMA DE CASA,Rocamora 6220,1123432372,,
3°1°-13,13,2°5°,"GONZALEZ, NATASHA",52394005,14/03/2011,ARGENTINA,Yanique Verónica ,BOL ,AMA DE CASA ,Zabala s/n,1172294262,,
3°1°-14,14,2°5°,"JUAREZ, Tiziano",51489753,11/12/2011,ARGENTINA,Bernardo Claudio ,ARG,empleado ,,1151037139,,
3°1°-15,15,2°1°,"Juarez, Zoe Del Valle",52402984,7/05/2012,ARGENTINA,Castro Ivana,ARG,ama de casa ,Juan c. Varela 5755,1127478486,,
3°1°-16,16,2°5°,"LOPEZ, Luisana Nahir",50860739,17/09/2011,ARGENTINA,orquiola Noemí ,ARG,empleada,c. de la barca 7279,1160233176,,
3°1°-17,17,2°5°,"LOVATTI, MAIA",50544338,3/09/2010,ARGENTINA,malvestiti soledad,ARG,ama de casa,cazon 7320,1125359468,,
3°1°-18,18,2°5°,"MALVESTITI, NATASHA",52394002,15/03/2012,ARGENTINA,ROTELA ESCALANTE PAULA,PARAGUAYA,AMA DE CASA,URDINENEA 5526,1125809584,,
3°1°-19,19,2°1°,"Mendieta, Lucas",51246660,3/08/2011,ARGENTINA,ALOMO NATALIA GABRIELA,ARG,AMA DE CASA,BS AS 7530,1151336154,,
3°1°-20,20,2°1°,"Mendoza Alomo, Juan",52420694,15/06/2012,ARGENTINA,MEDINA ANTONIA,PARAGUAYA,EMPLEADA,CAZON 7556,1170728233,,
3°1°-21,21,2°1°,"Montiel Medina, Alexis",51342966,16/09/2011,ARGENTINA,RODRIGUEZ LEILA ANTONELLA,ARG,AMA DE CASA,VICTOR HUGO 5169,1140457858,,
3°1°-22,22,2°5°,"ORELLANA, Joaquin",51161827,25/08/2011,ARGENTINA, POLLIO GABRIELA NOEMI,ARG,AMA DE CASA,BS AS 7016,1157690984,,
3°1°-23,23,2°1°,"Osores Pollio, Jasmin",52590033,23/06/2012,ARGENTINA,YANIQUE MENDOZA VERONICA,BOLIVIANA,AMA DE CASA,ZABALA 5692,1157605813,,
3°1°-24,24,2°1°,"Peralta Yanique, Adrian",16539238,11/06/2011,ARGENTINA,QUIROZ ADRIANA GISELA ,ARG,AMA DE CASA,INTENDENTE RUSSO 6350,1123329272,,
3°1°-25,25,2°1°,"Pintos Quiroz, Bautista",51161860,9/09/2011,ARGENTINA,SALGADO NOELIA MELINA,PERUANA,AMA DE CASA,GARMENDIA 5775,1127394185,,
3°1°-26,26,2°1°,"Rojas Salgado, Antony",95349514,4/10/2011,PERUANA,,,,,,,
3°1°-27,27,3°3°,vilalba obelare Miguel Angel,,,,,,,,,,
3°1°-28,28,2°5°,"Serrano, Ariana",51388816,12/09/2011,ARGENTINA,VILLALBA CINTIA MARIELA,ARG,AMA DE CASA,CAZON 6962,1135822078,,
3°1°-29,29,2°5°,"ROJAS, Ludmila",52189850,28/04/2012,ARGENTINA,TOLOZA SONIA,ARG,AMA DE CASA,J. CRUZ VARELA 5234,1132911675,,
3°1°-30,30,2°5°,"Pauli, Santino",52020937,13/01/2012,ARGENTINA,BLANCO ROMINA PAOLA,ARG,AMA DE CASA,JUAN COBO 7049,1138524969,,
3°1°-31,31,2°5°,"RUIZ, Alejandro Valentin",51399528,6/09/2012,ARGENTINA,,,,,,,
3°1°-32,32,2°2°,"Mercau, Yael",51138971,,,,,,,,,
3°1°-33,33,,"GONZALEZ, Nicole Dominique",51162679,,,BRITEZ ALMADA GIMENA,ARG,AMA DE CASA,URDIMENEA 5522,1130577027,,
3°1°-34,34,1°4,"CABAÑA, MIA AYLEN",51331111,13/10/2011,ARGENTINA,RECALDE MARIA MAGDALENA,PARAGUAYA,AMA DE CASA,URDININEA 5890 CASA 3,1131381803,,
3°1°-35,35,2°5°,"PAREDEZ, Xiomara",52411962,1/05/2012,ARGENTINA,,,,,,,
3°2°-1,1,,BENITEZ Matias Benjamin,50883884,,,JIMENEZ Jessica,ARG,AMA DE CASA,echaurri 7442,1135710842,,
3°2°-2,2,,BERTOLINI MORENO Iara Alexandra,51070791,,,CABAÑA Isabel,BOL,AMA DE CASA,Russo 7707,1125489075,,
3°2°-3,3,,BRAVO Zoe Milagros,52444217,,,CACERES Fabio,ARG,ALBAÑIL,donizetti 7970,1155233751,,
3°2°-4,4,,"CANTERO, Aylen Zaira Morena",51260572,,,"GENES, Estela Nieves",ARG,AMA DE CASA,Intendente Russo 7323,1133138735,,
3°2°-5,5,,"CARDOZO, YANN Demian",51562002,13/12/2011,Argentina,"OSUNA PAEZ, Andrea Natalia",ARG,AMA DE CASA,Victor Hugo 5790,1164472609,,
3°2°-6,6,,"CARMINATI, Jonas Thaiel",51331257,8/11/2011,Argentina,"GENES, Gabriel Vanesa",ARG,AMA DE CASA,Intendente Russo 7358,1166258743,,
3°2°-7,7,,"CARRAZANO,Victor Agustín",52426337,13/06/2012,Argentina ,"CASTRO, Ivana Estefania",ARG,AMA DE CASA,Juan Cruz Varela 5755,1127478486,,
3°2°-8,8,,"CASTRO, Joan Emanuel",52411850,19/04/2012,Argentina,"FERNANDEZ BARRETO, Natalia",PAR,AMA DE CASA,Donizetti 7533,1140800671,,
3°2°-9,9,,"CESPEDES FERNANDEZ, Franco Nelson",52403125,17/04/2012,Argentina,"DIAZ, Nadia Paola",ARG,AMA DE CASA,Garmendia 6225,1172153889,,
3°2°-10,10,,"DIAZ, Ian Miguel",51438717,,,"ENCISO SOSA, Aracely",PAR,AMA DE CASA,Donizetti 7396,1121720871,,
3°2°-11,11,,ENCISO SOSA Kevin Ariel,51242660,5/09/2011,Argentina,"GUZMAN, Norma Angelica",ARG,AMA DE CASA,Buenos Aires 7522,1158597929,,
3°2°-12,12,,"FERREYRA GUZMAN, Brandon",52394442,15/03/2012,Argentina,"LOPEZ Y GONZALEZ, Yesica",ARG,AMA DE CASA,Zabala 5140,1139482540,,
3°2°-13,13,,"GEREZ, Cristian Lautaro",51435422,1/10/2011,Argentina,"SUAREZ, Elena Griselda",ARG,AMA DE CASA,Doblas 7053,1123591596,,
3°2°-14,14,,"GIMENEZ, Zoe Mélody Nicole",51161838,22/08/2011,Argentina,GUZMAN Ximena,BOL,AMA DE CASA,tarija 2,1156292512,,
3°2°-15,15,,GODOY Thiago,,,,"ESCOBAR, Leonor Evangelina",ARG,AMA DE CASA,Carcaraña 6929,1136662503,,
3°2°-16,16,,"GOMEZ, Martina Paola",51389280,6/08/2011,Argentina,"JAIMEZ, Jonathan Javier",ARG,AMA DE CASA,Carcaraña 6964,1134286817,,
3°2°-17,17,,"JAIMEZ ESQUIVEL, Dalila Bella",51272178,4/08/2011,Argentina,"COSSIO, Lorena",ARG,AMA DE CASA,alcorta 25,1164070336,,
3°2°-18,18,,"MORENO Domínguez, Victoria Lujan",51122751,,,"LEDESMA LEGUIZAMON, Ana Maria",PAR,AMA DE CASA,ECHAURRI 7482,1164124210,,
3°2°-19,19,,OLARTE Mia Nahiara,,,,"SUAREZ, Luciana Malvina",ARG,AMA DE CASA,Cazón 7430,1133373131,,
3°2°-20,20,,"OTRERAS, Ian Tiziano",52411882,19/04/2012,Argentina,"BAEZ, Karen Johana ",ARG,AMA DE CASA,Riglos 7788,1131381745,,
3°2°-21,21,,PEÑALBA Tiziano Dionel,50482900,,,"SOVERON, Micaela",ARG,AMA DE CASA,Victor Hugo 5128,,,
3°2°-22,22,,"PEREYRA, Elias Nehuen",52011507,,,"DEL VALLE, Adolfina",PAR,AMA DE CASA,Apipe Manzana 5,1162847342,,
3°2°-23,23,,"PONCE, ANGEL TIAGO Valentino",52394021,,,"AGUERO, Dalma",ARG,AMA DE CASA,Tarija 5546,1163059281,,
3°2°-24,24,,"PONCE, TIZIANO Román",50488188,,,"VILLALBA ESPINOLA, Lucia ",PAR,AMA DE CASA,Riglos 7794,1137817342,,
3°2°-25,25,,"QUINTANA VILLALBA, Diego Nicolás",52025722,2/02/2012,Argentina,"PERALTA, Jesica Elisabet",ARG,AMA DE CASA,Resero 7483,1166506745,,
3°2°-26,26,,"RODRIGUEZ,Martin Alejandro",50610477,13/08/2011,Argentina,"CHAPARRO, Alicia Isabel",ARG,AMA DE CASA,Doblas 7028,1122826680,,
3°2°-27,27,,"SALCEDO, Marcos Ezequiel",50896484,,,"SOLIS, Rosa Esther",ARG,AMA DE CASA,Marcos Paz 5237,1168779485,,
3°2°-28,28,,"SOLIS, Fabrizio Facundo Lionel",50610414,23/07/2011,Argentina,"ALBORNOZ, Maria Gladys",ARG,AMA DE CASA,Zabala 5614,1124943819,,
3°2°-29,29,,"TASSARA, Bianca Roma",52005686,28/03/2011,Argentina,"VALENZUELA, Samanta Cecilia",ARG,AMA DE CASA,Cazón 6747,,,
3°2°-30,30,,VALENZUELA Lautaro Nahuel Joel,50139868,3/06/2010,Argentina,"PARRA MALLORQUIN, Julia Rosa",PAR,AMA DE CASA,Riglos 7879,1135856454,,
3°2°-31,31,,"VILLALBA PARRA, Yanina",51584098,30/11/2011,Argentina,"SERRANO, Verónica Valeria",ARG,AMA DE CASA,Cazón 6886,1135856554,,
3°2°-32,32,,"VILLALBA, Maia Mailen",52002229,7/01/2012,Argentina,"SUAREZ, Alejandra",ARG,AMA DE CASA,Saenz 5401,1150486311,,
3°2°-33,33,,"YAPURA, Kiara Morena Abigail",52590006,17/06/2012,Argentina,"ORTIZ, Matias Alejandro",ARG,EMPLEADO,Marcos Paz 5061,1157944013,,
3°2°-34,34,,"ORTIZ LEIVA, Xiomara Emily",51343995,22/08/2011,Argentina,"ORQUIOLA, Noemi Ruth",ARG,Cajera,Federico Pedro Russo 7279,1160233176,,
3°2°-35,35,2°1°,"BENITEZ, Agustina Shaiel",51592808,2/12/2012,ARGENTINA,"AYALA MENDOZA, MARGARITA",ARG,AMA DE CASA,ALCORTA Y TROLES,1144757760,,
3°2°-36,36,2°5°,"AYALA, Iara Magali",51429501,16/11/2011,ARGENTINA,"Bernardo, Claudio ",Argentina ,Panadero ,Donizzeti 6581,1153017139,,                                                                                                                                                                                                                                                                                                                                                                                                                                                                                                                                                                                                                                                                                                                                                                                                                                                                                                                                                                                                                                                                                                                                                                                                                                                                                                                                                                                                                                                                                                                                                                                                                                                                                                                                                                                                                                                                                                                                                                                                                                                                                                                                                                                                                                                                                                                                                                                                                                                                                                                                                                                                                                                                                                          
3°3°-1,1,2°1°,"Bernardo, Maia Celeste ",50139826,25/06/2010,Argentina ,"Jiménez, Jessica ",Argentina ,AMA DE CASA,Echaurri 7442,1135710842,,
3°3°-2,2,2°2°,"Bustos, Leonel Benjamin",52403193,4/05/2012,Argentina ,,,,,,,
3°3°-3,3,2°2°,"Bustos, Milena Nicole",52411752,,,"Cabañas Romero, Isabel ",Paraguaya ,AMA DE CASA,Calderón de la Barca 7707,1125489075,,
3°3°-4,4,2°2°,"Cabañas Romero, Oscar Alfredo ",95302009,28/06/2012,Paraguaya,"Cantero, Elisa",Argentina ,Ama de casa ,Riglos y Tuyú ,1168702765,,
3°3°-5,5,2°3°,"CANTERO, Aylen Zaira Morena",51260572,26/09/2011,Argentina ,"Mamani Condori, Hilaria",Boliviana ,Ama de casa ,Cobo 7842,1158560340,,
3°3°-6,6,2°2°,"Choque Mamani, Juan Gabriel ",51266594,,Argentina ,"Yucra, Justina ",Boliviana ,AMA DE CASA,Buenos Aires 7199,1130320386,,
3°3°-7,7,2°2°,"Coria Yucra, Miguel David ",50403457,21/08/2010,Argentina ,"Zeniquel, Rocío Salome ",Argentina ,Ama de casa ,Victor Hugo 5341,1170995552,,
3°3°-8,8,CORRIENTES,"Espinoza Zeniquel, Nahiara E. ",52082213,24/01/2012,Argentina ,"Alvarez Zambrano, Candelaria ",Boliviana ,AMA DE CASA,Echaurri 7869,1128982237,,
3°3°-9,9,2°2°,"Fernandez Alvarez, Ana",95471438,28/06/2012,Boliviana ,"Medina Correa, Feliciana ",Paraguaya ,AMA DE CASA,Donizzetti 7552,1134417599,,
3°3°-10,10,2°3°,"FERREIRA MEDINA, Alan Ariel",51509882,7/11/2011,Argentina ,Salinas Yamila ,ARG,AMA DE CASA,Buenos Aires 7025,1134417599,,
3°3°-11,11,2°5°,"GACEK, Emma Irupe",51440245,10/11/2011,Argentina ,"Rivarola, Ivana",Paraguaya ,AMA DE CASA,Cazon 7910,1123591596,,
3°3°-12,12,2°2°,"Gonzalez Baez, Marlene",52138357,15/02/2012,Argentina ,"Figueroa, Irma",Argentina ,AMA DE CASA,Intendente Russo 6956,1157684324,,
3°3°-13,13,2°2°,"Larrea, Lautaro Sebastián ",52401314,31/03/2012,Argentina ,ESCOBAR LEONOR,ARG,AMA DE CASA,carcaraña 6929,1127958899,,
3°3°-14,14,2°2°,"Ledesma Ponce, Benjamin Lucas",51138788,18/06/2011,Argentina ,MACIEL KAREN,ARG,AMA DE CASA,donizetti 7441,1169973373,,
3°3°-15,15,2°2°,"Lescano Weigel, Candela Abril ",52394100,11/04/2011,Argentina ,JAIMEZ JONATHAN JAVIER,ARG,CARTONERO,marcos paz 5276,1126150818,,
3°3°-16,16,2°2°,"Mamani Mamani, Clara Luz",50860815,13/10/2011,Argentina ,"Velazquez Torres, María Elvira ",Paraguaya ,Ama de casa ,Tarija y Echaurri ,1154726427,,
3°3°-17,17,2°2°,"Martinez Velazquez, Mia Isabel",51489503,3/11/2011,Argentina ,"Guzmán, Ximena ",Boliviana ,Ama de casa ,"Tarija, e/Echaurri y Cobo ",1156292512,,
3°3°-18,18,2°2°,"Melendres Guzman, Wanda Analia ",52455835,17/06/2012,Argentina ,"Flores Choque, Lucia ",ARG,AMA DE CASA,Doblas 7763,1137656079,,
3°3°-19,19,2°2°,"Molina Flores, Ivan",50610559,30/08/2011,Argentina ,"Bustos, Johanna ",Argentina ,Ama de casa ,Riglos 7084,1158273504,,
3°3°-20,20,2°3°,"NASIR, Janette Abigail",51058825,12/05/2011,Argentina ,"Cossío Condo, Lorena ",Boliviana ,AMA DE CASA,Alcorta 25,1161070336,,
3°3°-21,21,2°2°,"Nina Cossio, Ludmila Aylen ",52453429,9/06/2012,Argentina ,"Suruguay, Gisele Ermelinda ",ARG,AMA DE CASA,Echaurri 7360,1121732074,,
3°3°-22,22,2°5°,"Ordóñez, Melanie Yael ",51139518,30/07/2011,Argentina ,"Gajardo Vera, Belén Estrella ",ARG,AMA DE CASA,Donizzetti 7290,1127062893,,
3°3°-23,23,2°3°,"Quiroz Gajardo, Byron Alexander",52189790,23/04/2012,Argentina ,BENITEZ MAYRA,ARG,AMA DE CASA,TARIJA S/N,1126774028,,
3°3°-24,24,2°5°,RECALDE MORENA LUZ,51509180,,,"Acosta, Nadia Nerea ",ARG,AMA DE CASA,Cobo 7057,1138917311,,
3°3°-25,25,2°2°,"Rivero, Santiago Leonel",51391394,6/09/2011,Argentina ,"Ortiz, Griselda Soledad ",ARG,AMA DE CASA,Garzón 5225,1123621570,,
3°3°-26,26,2°5°,"RODA, Ludmila Ayelen",51341572,17/07/2011,Argentina ,"Quiroga, Gladys Gisele ",Argentina ,Ama de casa ,Cazón 6248,1123714391,,
3°3°-27,27,2°2°,"Rojas, Esteban Nicolas",51452400,14/11/2011,Argentina ,"Pérez, Jesica Pamela ",ARG,AMA DE CASA,Donizetti 7270,1128572851,,
3°3°-28,28,2°5°,"ROMERO PEREZ, Zoe Nicole ",51435534,26/10/2011,Argentina ,,,,,,,
3°3°-29,29,2°5°,"SOSA MORALES, MARIA",51468530,30/07/2011,,"Soveron, Micaela ",ARG,AMA DE CASA,Victor Hugo 5128,1137558011,,
3°3°-30,30,2°2°,"Toledo Soveron, Tahiel Benjamin",51432757,27/10/2011,Argentina ,"Vasquez Ibañez, Fabiola ",Boliviana ,AMA DE CASA,Teuco s/n,1141802127,,
3°3°-31,31,2°5°,"VASQUEZ, Maria Fernanda ",52165834,18/02/2012,Argentina ,"Delvalle, Adolfina",Paraguaya ,AMA DE CASA,"Apipe, manzana 5,casa1",1162562327,,
3°3°-32,32,2°2°,"Vera Delvalle, Angel David ",95941748,26/07/2011,Paraguaya ,"Agüero, Dalma Rita Natalin ",Argentina ,Ama de casa ,Tarija 5546,1163059281,,
3°3°-33,33,2°2°,"Villanueva, Mateo Ezequiel ",51386727,14/09/2011,Argentina ,"Zerpa, Rosa Irma",Argentina ,Ama de casa ,Riglos 7842,1124583134,,
3°3°-34,34,2°2°,"Mercau, Yael Joyce ",51138971,18/07/2011,Argentina ,Sotelo Natalia Soledad,Argentina,Ama de casa,Juan Cobo 7182/Gonzalez Catan,,,
3°4°-1,1,,"AGUIRRE, Maía Jazmín",50883801,13/06/2011,Argentina,TORRES TAMARA BELEN,ARG,AMA DE CASA,echaurri 7517,,,
3°4°-2,2,,"ALARCON, Franco Uriel",52449772,12/05/2012,Argentina,PASCUA DAIANA,ARG,AMA DE CASA,bs as 6770,1123256601,,
3°4°-3,3,,"ALCARAZ PASCUA, Daira Malena",51123509,,,Baez Antonio Ramon,ARG,,Calderon de la barca 7397/G. Catan,,,
3°4°-4,4,,"BAEZ, Mirna Maria Elizabeth",50968273,16/07/2011,Argentina,Chu Chon Prado Nelly Maribel,Peruana,AMA DE CASA,J.M. Trole S/n Lote 4,1170168396,,
3°4°-5,5,,"BARRIOS, Bianca Amelie Guadalupe",52402391,18/04/2012,Argentina,,,,,,,
3°4°-6,6,,"BUSTOS, Milena Nicole",52411752,,,BRITLES ALMADO GIMENA,ARG,AMA DE CASA,urdimenea 5522,1130577027,,
3°4°-7,7,,"CABAÑA, Mia Aylen",51331111,,,PASCUA TATIANA,ARG,AMA DE CASA,bs as 6770,1123256601,,
3°4°-8,8,,"CAMPUZANO PASCUA, Agustina Morena",49980504,,,GALVAN VIVIANA,ARG,AMA DE CASA,paseo de las flores 6/G. Catan,1161009274,,
3°4°-9,9,,"CANTEROS, Ambar Mia",50860907,22/11/2011,Argentina,,,,,,,
3°4°-10,10,,"CASCO, Ariadna Aylén",50724472,,,,,,,,,
3°4°-11,11,,"CAZAL, Lucero Michelle",52642347,,,MACIEL JOANA,ARG,AMA DE CASA,ruso 751,1168694636,,
3°4°-12,12,,"COLMAN, Miguel Ángel",52590634,,,GUARDIA DORA HAYDEE,ARG,AMA DE CASA,carcaraña 6832/G. Catan,1150450897,,
3°4°-13,13,,"CONTRERAS, Gimena Brisa",52403131,19/04/2012,Argentina,GONZALEZ DEBORA Beatriz,ARG,AMA DE CASA,spiro 5143/G. Catan,1134214915,,
3°4°-14,14,,"CORONEL, Rocio Jazmin",51458984,29/12/2011,Argentina,Maza Yanina,Argentina,,Echaurri 7195/Laferre,,,
3°4°-15,15,,"CUEVA MAZA, Lionel Ian",51044250,12/05/2011,Argentina,Flores Romero Cinthia,Boliviana,,Zabala 5463/ Gonzalez Catan,,,
3°4°-16,16,,"FLORES ROMERO, Carolina Esmeralda",51390232,26/09/2011,Argentina,"PIRIZ, CAROLINA",ARG,AMA DE CASA,russo 7780,1168747072,,
3°4°-17,17,,"GARCIA, Lujan Tania",50860733,,,BARRETO CARINA,ARG,AMA DE CASA,carcaraña 6795,1123158455,,
3°4°-18,18,,"GARCIA, Uriel Diego Benito",49523001,,,"Corvalan, Carolina Giselle",ARG,AMA DE CASA,V. Hugo 5298/ Gonzalez Catan,1158863755,,
3°4°-19,19,,"GONZÁLEZ CORVALAN, Camila",52187730,18/02/2012,Argentina,,,,,,,
3°4°-20,20,,"HIDALGO, Jean Luca",52167630,,,,,,,,,
3°4°-21,21,,"LARREA, Yeila Natali",58968983,,,BENITEZ JOHANA ILDA,ARG,AMA DE CASA,Bs as 7522/ Gonzalez Catan,1123116359,,
3°4°-22,22,,"LISITRA, Selene Tatiana",52160279,17/02/2012,Argentina,"Belisan, Tamara",ARG,AMA DE CASA,Cobo 7448/Gonzalez Catan,1155087166,,
3°4°-23,23,,"LOPEZ, Javier Davíd",51511412,21/11/2011,Argentina,ALBANO MARIANELA ROMINA,ARG,AMA DE CASA,Santo Tomé 5294/G. Catan,,,
3°4°-24,24,,"MENDOZA, Luciano Nicolás",50860840,30/10/2011,Argentina,Tapia Maria Ester,ARG,AMA DE CASA,Donizetti 6969/Gonzalez Catan,,,
3°4°-25,25,,"NAVARRO, Alejo Alejandro",52590038,22/06/2012,Argentina,Gonzalez Eugenia Celeste,Argentina,,Garzon 5179/G. Catan,,,
3°4°-26,26,,"OLIVERA, Zoe Valentina",52002231,7/01/2012,Argentina,Pereyra Silvina,ARG,AMA DE CASA,Cazon 7654/G. Catan,,,
3°4°-27,27,,"PEREYRA, Marisel",50572140,9/11/2010,Argentina,,,,,,,
3°4°-28,28,,"PEREZ, Alejandro Uriel",50778821,,,,,,,,,
3°4°-29,29,,"QUINTANA, Matías Ismael",50403499,,,,,,,,,
3°4°-30,30,,"ROJAS PASCUA, Keila Ailén",52000556,,,Romero Maria Ester,ARG,AMA DE CASA,Marcos Paz 5520/G. Catan,,,
3°4°-31,31,,"SALVATIERRA, Tiara Agustina",51272584,7/07/2011,Argentina,Acuña Silvana Elisa,ARG,,Donizetti 7352/G. Catan,,,
3°4°-32,32,,"SILVA ACUÑA, Candela Delfina",51300707,19/04/2011,Argentina,Melgarejo Leonela Gisella,Argentina,,Victor Hugo 5556/Gonzalez Catan,,,
3°4°-33,33,,"VERON, Luciana",52187756,25/02/2012,Argentina,Riquelme Tresa Noelia,Argentina,,Pasaje de las flores 7190/G. Catan,,,
3°4°-34,34,,"ALDERETE, Perla",52082519,2/02/2012,Argentina,,,,,,,
3°4°-35,35,,"GODOY, Alexis",,,,Sosa Centurion Felicita,Paraguaya,,Donizetti 7469/G. Catan,,,
3°4°-36,36,,"MORALES SOSA, Maria Cristina",51246853,24/08/2011,Argentina,"VERA, Ercilla",PAR,AMA DE CASA,Tarija 5564,1164840172,,
3°5°-1,1,,ALARCON ORTEGA LIZ,96080782,23/10/2011,ARGENTINA,,,,COBO 7572,1125325203,,
3°5°-2,2,,"ALARCON SANCHEZ, Jonathan",51431739,16/09/2011,ARGENTINO,"SANCHEZ SUAREZ, Maria",PAR,AMA DE CASA,Riglos 9007,1137599488,,
3°5°-3,3,,"Caceres Santander, Dante",50390048,11/03/2011,ARGENTINO,AYALA MENDOZA MARGARITA,ARG,AMA DE CASA,Alcorta Casa  N° 5,1144757760,,
3°5°-4,4,,"Ferreira Almada, Andy",51044227,10/03/2011,ARGENTINO,RIOS SILVANA,ARG,AMA DE CASA,varela 5234,1176223219,,
3°5°-5,5,,"Ferreyra, Esteban Benjamín",51161731,12/01/2010,ARGENTINO,"BARRIOS, Liz Mariela",PAR,AMA DE CASA,Tarija 5672,1134629769,,
3°5°-6,6,,"MACIEL, Leila Yaquelin",50548210,16/02/2010,ARGENTINO,"CAYLLANTE, Marta",BOL,AMA DE CASA,Carcaraña 6926,1130888381,,
3°5°-7,7,,Mercado Ludmila Yésica,48888914,,ARGENTINA,"AIZA, Teodora",BOL,AMA DE CASA,COobo 8142,1158516821,,
3°5°-8,8,2°2°,"Mercau, Yael",51138971,,ARGENTINA,"JIMENEZ, Graciela",ARG,AMA DE CASA,Zarasa 5645,1138049619,,
3°5°-9,9,2°2°,"Molina Flores, Ivan",50610559,,ARENTINO,ENDRISSI DEBORHA,ARG,MUCAMA,chassaing 5276,1169410880,,
3°5°-10,10,3°4°,"NUÑEZ, LUJAN NAHIARA",50490787,,ARENTINA,GONZALEZ LISA,ARG,AMA DE CASA,russo s/n,1125735613,,
3°5°-11,11,3ro 4ta,Rodriguez Lautaro,,,,BAEZ Carolina,ARG,AMA DE CASA,colegiales 7146,1136151667,,
3°5°-13,13,,"CHAVEZ, Alma Nahiara",50390194,30/05/2011,ARGENTINA,"LOPEZ, Carolina",ARG,COSTURERA,Doblas 6795,1171137175,,
3°5°-14,14,,"RIOS, Mateo Daniel",51126704,24/05/2011,ARGENTINO,CHAMORRO MABEL,ARG,ENFERMERA,ECHAURRI 5081,,,
3°5°-15,15,,"Benitez, Miguel",,,,JOSEF MARIELA,ARG,AMA DE CASA,santo tomé 5310,11657226725,,
3°5°-16,16,E.E.S N° 68,"Argañaraz, brenda Nahiara",50488356,1/12/2010,ARGENTINA,MALVESTITI VANESA,ARG,OPERARIA,cazon 7320,1125359468,,
3°5°-17,17,E.E.S N° 68,"Reyes, Sheila Milagros",49697127,22/09/2009,ARGENTINA,SURUGUAY GISELLA,ARG,AMA DE CASA,echaurri 7360,1121732074,,
3°5°-18,18,,"VIDELA, Nicolas Sebastian",49736603,,ARGENTINO,MALDONADO INES,ARG,AMA DE CASA,victor hugo 5169,1137058416,,
3°5°-19,19,,Ramos Catriel Sebastian,52128930,9/02/2012,ARGENTINO,"RECALDE, Maria",PAR,AMA DE CASA,Urdimenea 5890,1158516440,,
3°5°-20,20,,Leiva Dante,52444985,2/06/2012,ARGENTINO,"Toloza, Sonia",ARG,AMA DE CASA,Varela 5234,113911675,,
3°5°-21,21,,Sanchez Ulices,95229569,11/12/2008,PARAGUAYO,"Diaz, Silvia",ARG,AMA DE CASA,Saraza 5650,1154830595,,
3°5°-22,22,,Sanchez Isaias,95229570,11/12/2008,PARAGUAYO,"RECALDE, Vanina",ARG,AMA DE CASA,Garmendia 4736,1131782047,,
3°5°-23,23,,Sosa Dylan,48175153,19/06/2007,ARGENTINO,"ORTIZ, Griselda",ARG,AMA DE CASA,Garzon 5225,11366044118,,
3°5°-24,24,,Acosta Florencia,,,,"VILLALBA, Cintia",ARG,AMA DE CASA,Cazon 6962,1125806656,,
3°5°-25,25,2°5°,Colman Miguel,52590034,22/06/2012,ARGENTINO,"ALMADA, Patricia",ARG,EMPLEADA,Santo Tomé 5414,1168078297,,
3°5°-26,26,,Lucena Baez Antonella,52591979,19/06/2012,ARGENTINO,"PEREZ, Jessica",ARG,AMA DE CASA,Donizetti 7270,1122756953,,
3°5°-27,27,,Ale Barrios Geraldine Belen,,,ARGENTINA,BLANCO Romina,ARG,AMA DE CASA,cobo 7049,1153495389,,
3°5°-28,28,,Luque Facundo Leonel,49361431,15/05/2009,ARGENTINO,"Aicardi, Mayra",ARG,AMA DE CASA,Marocs Paz 5212,1127594166,,
3°5°-29,29,,Recalde Luz Morena,51509180,20/11/2011,,SOSA FELICITAS,PAR,AMA DE CASA,donizetti 7469,1165535598,,
3°5°-30,30,,BENITEZ RODRIGO ROMAN ,50131810,,,"Toledo, Silvina Alejandra ",ARG,AMA DE CASA,Cazon 7245,1141428745,,
4°1°-1,1,3°1°,"Barrios, Tobias Ezequiel ",49542434,2/06/2009,Argentina ,SENA NANCY,ARG,AMA DE CASA,CRUZ VARELA 5499,1157458738,,
4°1°-2,2,3°1°,"Bernachea, Kiara Belén ",51219247,8/06/2001,Argentina ,GALVAN ANGELA,ARG,AMA DE CASA,CHASSAING 5428,1157458738,,
4°1°-3,3,3°1°,"Cabrera Galvan, Sarah Oriana ",50390167,22/05/2011,Argentina ,"GARCÍA BENITEZ, MARINA ",PAR,Ama de casa ,Calderón de la Barca 7719,1134233849,,
4°1°-4,4,3°1°,"Chena Garcia, Maximo Arturo ",50488494,25/02/2011,Argentina ,"LÓPEZ, RITA",PAR,AMA DE CASA,Tafi 7741,1126454481,,
4°1°-5,5,3°1°,"Cristaldo Lopez, Angel Adrián ",50417442,30/06/2010,Argentina ,NUÑEZ CINTHIA,ARG,AMA DE CASA,CAZON 6870,1133223703,,
4°1°-6,6,3°1°,"Dominguez, Facundo Benjamín ",50703000,4/02/2011,Argentina ,DIAZ FANNY,ARG,Ama de casa ,Saraza 6068,1131015571,,
4°1°-7,7,3°1°,"Flores Diaz, Roman Ezequiel ",50056144,2/03/2010,Argentina ,LEGUIZA MONICA,ARG,AMA DE CASA,RUSSO 7752,1124933103,,
4°1°-8,8,3°1°,"Gauna, Alahi Adriana ",51071341,1/03/2011,Argentina ,GAYOSO CECILIA,PAR,AMA DE CASA,RIGLOS 7844,1131534231,,
4°1°-9,9,3°1°,"Gayoso, Luciana Arami",50851437,19/02/2011,Argentina ,DÍAZ ALEJANDRA SILVANA ,ARG,AMA DE CASA,Juan Cruz Varela 4980,1128161705,,
4°1°-10,10,3°3°,"GOMEZ, Edgardo Jesus ",49231915,18/03/2009,Argentina ,TORRES Rocio,PAR,AMA DE CASA,ECHAURRI 7520,1126115486,,
4°1°-11,11,3°1°,"Guillen, Thiago Daniel",50687664,9/11/2010,Argentina ,RODRÍGUEZ MIRTA ,ARG,AMA DE CASA,ZABALA 5678,1134217469,,
4°1°-12,12,3°3°,"LEDESMA, Pamela Mahia Aylen",49661839,30/11/2009,Argentina ,PONCE VASQUEZ SULETICIA,BOL,AMA DE CASA,ECHAURRI 7596,1123067791,,
4°1°-13,13,3°1°,"Ledezma Ponce, Jonathan",49725772,19/09/2009,Argentina ,LOPEZ LIZ VALERIA,PAR,AMA DE CASA,DONIZETTI 7480,1124590760,,
4°1°-14,14,3°1°,"Lopez Lopez, Mayda",95543381,3/12/2010,Paraguaya ,SANTACRUZ DUARTE JESSICA,PAR ,Ama de casa ,TEUCO 3500,1172073549,,
4°1°-15,15,3°1°,"Lopez Santa Cruz, Jennifer",50775952,2/01/2011,Argentina ,DEL VALLE PATRICIA,ARG,AMA DE CASA,CONS. P. GOMEZ 5562,1122358235,,
4°1°-16,16,3°1°,"Maldonado, Karen Ailen",50982769,29/04/2011,Argentina ,MARTINEZ JUAN ALBERTO,PAR,PINTOR,DOBLAS 7663,1145632075,,
4°1°-17,17,3°1°,"Martinez Ferreira, Mario Alberto ",50403464,24/08/2010,Argentina ,"GASPAR VILAMANI, FANNY",ARG,AMA DE CASA,TARIJA 5463,1131305957,,
4°1°-18,18,3°1°,"Moncada Gaspar, Santiago Bruno ",49525692,2/10/2009,Argentina ,REDES JUAN MARÍA ,ARG,Empleado ,SANTO TOMÉ 5579,1145282199,,
4°1°-19,19,3°1°,"Pacheco, Estefania Milagros ",50900817,19/03/2011,Argentina ,PAREDES ISABEL MARIA,ARG,AMA DE CASA,ECHAURRI 7740,1156460177,,
4°1°-20,20,3°1°,"Paredes, Dario Joel",50860659,23/02/2011,Argentina ,LOPEZ CAROLINA ELIZABETH ,ARG,Ama de casa ,VICTOR HUGO 5541,1165486892,,
4°1°-21,21,3°1°,"Paz, Adrian Ariel ",50403323,9/07/2010,Argentina ,POLLIO SANDRA CECILIA ,ARG,AMA DE CASA,ECHAURRI 6975,1171571892,,
4°1°-22,22,3°1°,"Segovia, Sharon Aylen",51044247,12/05/2011,Argentina ,LOBOS NOELIA ALEJANDRA ,ARG,Ama de casa ,VARELA 5265,1165538945,,
4°1°-23,23,3°1°,"Sena Lobos, Selene Melany ",50390143,12/05/2011,Argentina ,"OJEDA TEJADA, JESSICA",,AMA DE CASA,DONISETTI 7106,1136533922,,
4°1°-24,24,,"Silcan, Daiana Estefania",50244951,,,BRIZUELA NATALIA,ARG,AMA DE CASA,SAENZ 5071,1153414034,,
4°1°-25,25,3°1°,"Taboada, Zaira Tatiana",50390154,16/05/2011,Argentina ,"GUTIERREZ, LUCRECIA DEL VALLE ",ARG,Ama de casa ,BUENOS AIRES 7117,1124605859,,
4°1°-26,26,3°1°,"Vega, Milagros Macarena",51066832,16/03/2011,Argentina ,GRANADO SILVIA CAROLINA,ARG,AMA DE CASA,VICTOR HUGO 5513,1166863996,,
4°1°-27,27,3°1°,"Villegas, Antonella Jazmin",50548353,1/04/2011,Argentina ,FERREYRA EVANGELINA,ARG,AMA DE CASA,CARCARAÑA 6379,1125713111,,
4°2°-1,1,3 2°,"CABRAL, Luciano",49903105,18/11/2009,ARGENTINO,MENDOZA VIVIANA,ARG,AMA DE CASA,DOBLAS 7793,1125353949,,
4°2°-2,2,3 2°,"CORDOBA, Mia Candela",50390094,18/04/2011,ARGENTINA,GAITAN FRANCO,ARG,AMA DE CASA,ECHAURRI 7444,1161072213,,
4°2°-3,3,3 2°,"GAITAN Franco, Lisandro D.",50277260,9/02/2011,ARGENTINO,AGUILAR NILDA,PAR,AMA DE CASA,CABAL 5688,1165935787,,
4°2°-5,5,3 2°,"GIMENEZ AGUILAR, Mario",50488303,1/11/2010,ARGENTINO,HOFFMAN ARIEL,ARG,,CERVIÑO 5132,1137893694,,
4°2°-6,6,3 2°,"HOFFMAN PAZ, Ariel Camilo",50305650,4/06/2010,ARGENTINO,HUIRILEF MELANY,ARG,AMA DE CASA,CALDERON6748,1149374954,,
4°2°-7,7,3 2°,"HUIRILEF, Elvira Oriana",50778779,11/02/2011,ARGENTINA,TABAREZ MARIANA,ARG,AMA DE CASA,ECHAURRI 7513,1169338110,,
4°2°-8,8,3 2°,"MÉNDEZ, Belén Luján",51058608,24/04/2011,ARGENTINA,PINATTI NOELIA,ARG,EMPLEADA,VICTOR HUGO 5775,1123636113,,
4°2°-9,9,3 2°,"SALGADO, Bianca Aime",50851354,11/02/2011,ARGENTINA,SANTILLAN MABEL,ARG,AMA DE CASA,BS AS 7369,1131298114,,
4°2°-10,10,3 2°,"SANTILLAN, Lucas Ezequiel",49676077,17/08/2009,ARGENTINO,CARRIZO SANDRA,ARG,AMA DE CASA,ZARAZA 6056,1127758218,,
4°2°-11,11,3 2°,"VILLALBA, Víctor Ezequiel",50438272,24/07/2010,ARGENTINO,HERMOSIS LAURA,ARG,AMA DE CASA,BS AS 7115,1159803925,,
4°2°-12,12,3 4°,"MOLINA, Tiziano José",51266654,27/06/2011,ARGENTINO,BOGADO GRISELDA,ARG,AMA DE CASA,DOBLAS 7320,1171107533,,
4°2°-13,13,3 4°,"QUINTEROS, Javier Alexander",50638130,25/10/2010,ARGENTINO,SERVIAN CAMILA ,ARG,AMA DE CASA,BS AS 7169,1164835387,,
4°2°-14,14,3 4°,"SANTA CRUZ, Thiago",51161703,23/06/2011,ARGENTINO,PIEDRABUENA NADIA,ARG,AMA DE CASA,CAZON 6504,1171697855,,
4°2°-15,15,3 4°,"SERRANO, Cristian",49415380,26/04/2009,ARGENTINO,ALBORNOZ ANGELICA,ARG,AMA DE CASA,ZABALA 5625,1168828542,,
4°2°-16,16,3 4°,"DIAZ, Zoe Valentina",50138475,8/08/2010,ARGENTINA,SILVA NATALIA,ARG,AMA DE CASA,CAZON Y ESTOMBA 7155,1159749701,,
4°2°-17,17,3 4°,"FERRARI, Mia Ariana",50139993,5/09/2010,ARGENTINA,UMBIDES PAOLA,ARG,AMA DE CASA,C DE LA BARCA 7325,1153189289,,
4°2°-18,18,3 4°,"GENES, Iara Morena",50139632,17/04/2010,ARGENTINA,FERNANDEZ GISELA,ARG,AMA DE CASA,VICTOR HUGO 5167,1158540084,,
4°2°-19,19,3 4°,"Taboada Fernández, Aymara Agustina",50403488,31/08/2010,ARGENTINA,LOPEZ MUÑOZ,PAR,AMA DE C ASA,DONIZETTI 7546,1164712636,,
4°2°-20,20,3 4°,"ALMADA LOPEZ, Mariano",50989545,,ARGENTINO,GODOY MARGA,ARG,AMA DE CASA,COBO 7082,1124782189,,
4°2°-21,21,EES 102,Godoy Braian,48707185,2/06/2008,ARGENTINO,RAMIREZ NOELIA,ARG,AMA DE CASA,MARCOS PAZ 5061,1161848743,,
4°2°-22,22,EES 108,Viana Guadalupe,50724547,21/12/2010,ARGENTINA,RAMIREZ DEBORA,ARG,AMA DE CASA,CAZON Y CARCARAÑA,1132045300,,
4°2°-23,23,EES 108,Leiba Ciara,50511438,13/09/2010,ARGENTINA,ROMERO DIEGO,ARG,,ZELADA 5568,1123941036,,
4°2°-24,24,3 2°,"ROMERO, Facundo ariel",50900898,3/04/2011,ARGENTINO,VAZQUEZ JORGELINA,PAR,AMA DE CASA,CAZON 7907,1130271443,,
4°2°-25,25,3 2°,"DIAZ VASQUEZ, Nahuel Omar",50692015,12/11/2010,ARGENTINO,SOSA MARIA SOLEDAD,ARG,EMEPLEADA,VICTOR HUGO 5092,1164306875,,
4°2°-26,26,EES 2,SOSA JOSELIN,50991622,24/01/2011,ARGENTINA,HILDA VARGAS,BOL,AMA DE CASA,ESTOMBA 5509,1150079975,,
4°2°-27,27,3 1°,Arnea Vargas Joel,50533574,2/09/2010,ARGENTINO,TESSIO LOURDES,ARG ,AMA DE CASA,CHASSAING Y S TOME 6775,1166605347,,
4°2°-28,28,3 1°,Campos Priscila,50692922,28/01/2011,ARGENTINA,RODRIGUEZ MIRTA,ARG,AMA DE CASA,DONIZZETI 8472,1125276122,,
4°2°-29,29,3 3°,lLedesma Pamela,49661839,14/12/2009,ARGENTINA,SOSA SOLEDAD BEATRIZ,ARGENTINA,EMPLEADO,CORONEL CONDE 3558,1120761288,,
4°3°-1,1,3°3°,"ALBARENGA, Santino",50900993,13/04/2010,ARGENTINA,LUQUE SANTANA ANTONELLA,ARGENTINA,DOCENTE,CHOPIN 5265,1149719507,,
4°3°-2,2,3°3°,"ALEGRE, Facundo",50490761,10/08/2010,ARGENTINA,VENIALGO MARIA DEL PILAR,PARAGUAYA,EMPLEADA,GARMENDIA 5954,1168551964,,
4°3°-3,3,3°3°,"ALGARIN VENIALGO, Axel",51126956,25/05/2011,ARGENTINA,VENIALGO MARIA DEL PILAR,PARAGUAYA,EMPLEADA,GARMENDIA 5954,1168551964,,
4°3°-4,4,3°3°,"ALGARIN VENIALGO, Rodrigo",49744896,11/11/2009,ARGENTINA,DIETZ DEBORA,ARGENTINA,AMA DE CASA,BESARES 7280,1126448093,,
4°3°-5,5,3°3°,"ATENCIO VALDEZ, Zoe Gerarldine",50437655,24/07/2010,ARGENTINA,HIDALGO CAROLINA ANDREA,ARGENTINA,AMA DE CASA,ECHAURRI 7145,1161996288,,
4°3°-6,6,3°3°,BOREA CANDELA,50989408,9/02/2011,ARGENTINA,CACERES CLAUDIA ALEJANDRA,ARGENTINA,EMPLEADA,VICTOR HUGO 6167,1169794120,,
4°3°-7,7,3°3°,Cáceres Marcelo Alexandro,49915610,20/09/2009,ARGENTINA,LAZARTE SANDRA BLNCA ELISA,ARGENTINA,AMA DE CASA,ECHAURRI 7167,1158884509,,
4°3°-8,8,3°3°,"CAÑETE LAZARTE, Malena",50883800,8/06/2011,ARGENTINA,CORIA LUCRA CELIA,BOLIVIANA,AMA DE CASA,BS AS 7199 G. CATAN,1140679774,,
4°3°-9,9,3°3°,"CORIA, Joaquin Cristian",49676008,4/08/2009,ARGENTINA,ESTIGARRIBIA CABAÑAS LOURDES,PARAGUAYA,AMA DE CASA,ZABALA 5309 G. CATAN,1130455015,,
4°3°-10,10,3°3°,"GARCIA ESTIGARRIBIA, Ada",50650989,17/12/2010,ARGENTINA,GOMEZ NESTOR MIGUEL,PERUANA,EMPLEADO,CALLE ZABALA CASA 1,1172294262,,
4°3°-11,11,3°3°,"GONZALEZ BEJARANO, ERIK",95995849,28/01/2011,ARGENTINA,TORRES ROCIO,ARGENTINA,AMA DE CASA,ECHAURRI 7520,1164728243,,
4°3°-12,12,3°3°,"GUILLEN, Facundo",50687811,9/11/2010,ARGENTINA,,,,,,,
4°3°-13,13,3°3°,"Paez, Tiago Alberto",49744981,15/12/2009,ARGENTINA,ARNOLD FLORES AMELIA ,PARAGUAYA,AMA DE CASA,TARIJA CAZON 5312,1130689607,,
4°3°-14,14,3°3°,"RAMIREZ ARNOLD, Alexis",50709276,1/12/2010,ARGENTINA,ORELLANO JESSICA VIVIANA,ARGENTINA,AMA DE CASA,J.F ECHAURI 7084,1121760256,,
4°3°-15,15,3°3°,"RIVERO , Esteban Ariel",50089906,9/02/2010,ARGENTINA,PEREZ CARINA,ARGENTINA,AMA DE CASA,TUYU 4555 G. CATAN,1131221568,,
4°3°-16,16,3°3°,"ROJAS, Morena Magalí",50488182,25/09/2010,ARGENTINA,sale con pase,,,,,,
4°3°-17,17,3°3°,"SORIA, Lucas Gabriel",51058770,5/06/2011,ARGENTINA,MOLINA MARIA LUJAN,ARGENTINA,AMA DE CASA,ZARASA 5743,1138401790,,
4°3°-18,18,3°3°,"ZEISS, Naiaha Nicole",51058861,15/05/2011,ARGENTINA,,,,,,,
4°3°-19,19,com,"FRANCO ROTELA, Celeste Anahí",51122837,,,APAZA BRABO ISRAEL,BOLIVIANA,EMPLEADO,BUENOS AIRES 7668,1184562910,,
4°3°-20,20,3°3°,"APAZA ALCON, Victor",95258220,24/12/2010,BOLIVIANA,,,,,,,
4°3°-21,21,3°2°,"GALVAN RIVAROLA, Fátima C",51216390,,,MOREYRA IRIS MABEL,ARGENTINA,AMA DE CASA,CHOPIN 5269 G. CATAN,1128948064,,
4°3°-22,22,3°3°,"SANCHEZ, Isaias",50805881,2/01/2010,ARGENTINA,GALVAN SANDRA BEATRIZ,ARGENTINA,AMA DE CASA,CALLE BS AS ENTRE M Y V,1135683108,,
4°3°-23,23,,"ESCOBAR, Iara",51049839,21/05/2011,ARGENTINA,CABAÑA JUANA,PARAGUAY,EMPLEADA,BS AS 7518,1134233849,,
4°3°-24,24,3°1°,"Cabaña, Carlos",50739919,,,ALCANTARA LOURDES,ARGENTINA,AMA DE CASA,CONS PEDRO GOMEZ 5129,1169793457,,
4°3°-25,25,3°1°,"Cisneros, Thiago",50889115,,,CEJAS PATRICIA,ARGENTINA,AMA DE CASA,VICTOR HUGO 5773,1125597520,,
4°3°-26,26,3°1°,"Cordoba, Adrian Uriel",50860610,,,MORALES VIVIVANA,Argentina,AMA DE CASA,ESTAMBA 5307,1136356159,,
4°3°-27,27,3°1°,"Guzman, Bianca Joselin",50326929,,,Livorsi Dominga,Argentina,Operaria,Saenz 5073,1159822943,,
4°3°-28,28,3°1°,"Livorsi, Bautista Joaquin",49434809,,,Ojeda Tejada Jessica,Argentina,Ama de casa,Donisetti 7106,1136533922,,
4°3°-29,29,3°1°,"Luna Ojeda, Thiago",50141209,,,Prado Denisse,PERUANA,Ama de casa,C.DE LA BARCA 7878,1164317578,,
4°3°-30,30,3°1°,"Mayhuire Prado, Leonel",50390230,,,,,,,,,
4°3°-31,31,,"HOFFMANN, Abril Solange",50896409,,,ALCANTARA LOURDES IRENE,ARGENTINA,AMA DE CASA,ZABALA 7525 G. CATAN,1157601643,,
4°3°-32,32,com,"COLMAN, Micaela",50860660,27/01/2011,AREGENTINA,Sanchez Sonia,Boliviana,Ama de casa,tafi 5386,1166323623,,
4°3°-33,33,,"Vargas Sanchez, Joselin",50599792,,,GENES GABRIELA,ARG,AMA DE CASA,INT RUSSO 7358,1124924323,,
4°4°-1,1,3 4°,"BARRETO, Lautaro Lucas Jahaziel",50548217,16/11/2010,ARGENTINO,,,,TARIJA 5212,1161115464,,
4°4°-2,2,3 4°,"ENCINA LESME, Cristian Luis",51124678,12/06/2011,ARGENTINO,LEDESMA MARIA,ARG,AMA DE CASA,MARCOS PAZ 5661,1124727984,,
4°4°-4,4,3 2°,"LEDESMA, Elias Nicolás",50546591,4/09/2010,ARGENTINO,LEITES DOS SANTOS,ARG,AMA DE CASA,ECHAURRI 7517,1164835556,,
4°4°-5,5,3 4°,"MELGAREJO, EZEQUIAS CALEB",51156692,19/06/2011,ARGENTINO,GONZALEZ INGRID,ARG,AMA DE CASA,INT RUSSO 6870,1168532471,,
4°4°-6,6,3 4°,"MERCADO, Ian Tiziano Ezequiel",50390158,16/05/2011,ARGENTINO,GOMEZ MARIA,ARG,AMA DE CASA,JUAN COBO 7046,1168078215,,
4°4°-7,7,3 4°,"ROBLES, Francisco Mateo",50511028,9/08/2010,ARGENTINO,RAMIREZ MARIA,PAR,AMA DE CASA,GARMENDIA 5342,1166118276,,
4°4°-8,8,3 4°,"RUIZ RAMIREZ, Alexis Ramón",51156705,19/06/2011,ARGENTINO,ARRUA TAMARA,ARG,AMA DE CASA,ECHAURRI 6705,1150940185,,
4°4°-9,9,3 4°,"SOSA, Yamil Sebastian",50307995,10/11/2011,ARGENTINO,CHAVEZ NELIDA,PAR,AMA DE CASA,TARIJA 5310,1127496808,,
4°4°-10,10,3 4°,"ORTEGA CHAVEZ, Claudia Carolina",51156549,4/06/2011,ARGENTINA,CORONEL MARIA,PAR,AMA DE CASA,DONIZZETI 7560,1164760647,,
4°4°-11,11,3 4°,"SANABRIA, Katerin",50883822,30/06/2011,ARGENTINA,VALENZUELA SAMANTA,ARG,AMA DE CASA,CAYETANO CAZON 6747,2964402244,,
4°4°-12,12,3 4°,"OROZCO, Bautista Benjamin",49233244,6/01/2009,ARGENTINO,TRUJILLO MARIA ,ARG,AMA DE CASA,DONIZZETI 7763,1133502052,,
4°4°-13,13,3 2°,"CORIA TRUJILLO, Liz Josselin",51058526,15/04/2011,ARGENTINA,RUIZ DIAZ VERA,PAR,PAR,DONIZZETI 7360,1126655859,,
4°4°-14,14,3 2°,"MOLINAS VERA, Fernándo",50534539,7/09/2010,ARGENTINO,GENES CRISTINA,ARG,AMA DE CASA,C DE LA BARCA 7358,1164004152,,
4°4°-15,15,3 4°,"REVAINERA, Benjamin",51121938,9/06/2011,ARGENTINO,VILLARROEL JAQUELINE,ARG,AMA DE CASA,CAZON Y CALDERON,1138743768,,
4°4°-16,16,EES 28,"ORELLANA,TAHIEL",50904254,28/02/2011,ARGENTINO,GALVAN VIVIANA,ARG,AMA DE CASA,PASEO DE LAS FLORES,1161009274,,
4°4°-17,17,3 2°,"CANTEROS, Roman",53531051,19/06/2009,ARGENTINO,HEREDIA MONICA,ARG,AMA DE CASA,CAZON 7796,1130656730,,
4°4°-18,18,3 2°,"ROJAS HEREDIA, Matias",50896466,3/05/2011,ARGENTINO,CACERES ERIKA,ARG ,VENDEDORA,BS AS 7369,1127543945,,
4°4°-19,19,3 2°,"ALE, Facundo Gabriel",50904889,30/01/2011,ARGENTINO,,,,,,,
4°4°-20,20,,Serrano Lautaro,,,ARGENTINO,DUARTE MARIA,ARG,AMA DE CASA,SAENZ 5411,1141577717,,
4°4°-21,21,EES 28,"MORINIGO, Rodrigo Alejandro",50390016,16/03/2011,ARGENTINO,ROJAS JUSTINA,BOL,AMA DE CASA,COBO Y TAFI,1122748472,,
4°4°-22,22,EES 108,Rodriguez YAmil,50390142,,ARGENTINA,GOMEZ PABLINA,PAR,AMA DE CASA,BELGRANO Y TRINIDAD,1134490245,,
4°4°-23,23,3 2°,"AYALA, GOMEZ",7036869,14/06/2009,ARGENTINO,SELVA FARIAS,ARG,AMA DE CASA,JUAN COBO 7119,1161070115,,
4°4°-24,24,3 2°,"FRANCO, Alexis Lucas",50448386,17/12/2010,ARGENTINO,GUTIERREZ MACARENA,ARG,AMA DE CASA,INT RUSSO 6870,1169548264,,
4°4°-25,25,3 4°,"MERCADO, Samira Macarena",50900679,15/05/2011,ARGENTINA,ALEGRE DAMIAN,ARG,,CORONEL MONT 6362,1123709294,,
4°4°-26,26,EES 16,Sotto Demian Yair,50881678,20/02/2011,ARGENTINO,DELANO IARA,ARG,AMA DE CASA,SANTO TOME 5680,1135665137,,
4°4°-27,27,EES 14,Leiva Thiago,50097179,10/02/2010,ARGENTINO,GUTIERREZ GRISELDA,ARG,AMA DE CASA,TRINIDAD 61,1125174077,,
4°4°-28,28,3 4°,Flores Alberto,50864435,22/01/2011,ARGENTINO,,,,,,,
4°5°-1,1,3°1°,"Carrizo Carro, Tiziano",50322697,,,,,,,,,
4°5°-2,2,3°1°,"Ferreira Almada, Luz",51044228,,,Pintos Noemi Lujan,ARGENTINA,AMA DE CASA,ZARAZA 5160,,,
4°5°-3,3,3°1°,"Pintos, Taiel Guillermo",50148441,6/04/2010,ARGENTINO,,,,,,,
4°5°-4,4,3°3°,"MIÑO, MELANY",49607625,,,,,,,,,
4°5°-5,5,3°3°,VILLALBA OVELAR Miguel Angel,95185831,,,,,,,,,
4°5°-6,6,3°3°,Lopez Trinidad Nahiara Lujan,50702359,,,,,,,,,
4°5°-7,7,3°4°,ACEDO FIAMMA YASMIN,50908244,24/02/2011,ARGENTINA,,,,,,,
4°5°-8,8,3°1°,"Flores Diaz, Roman",50056144,,,,,,,,,
4°5°-9,9,3°1°,"Guillen, Thiago Daniel",50687664,,,,,,,,,
4°5°-10,10,3°1°,"Guzman, Bianca Joselin",50326929,,,,,,,,,
4°5°-11,11,,"Benitez, Axel Uriel",49607656,5/07/2009,ARGENTINO,,,,,,,
4°5°-12,12,,"Bernardo, Damaris Taina",48984707,,,,,,,,,
4°5°-13,13,,"Brites, Franco Ezequiel",48376013,12/11/2007,ARGENTINO,,,,,,,
4°5°-14,14,,"Carminati, Santino Ariel",49231538,6/01/2009,ARGENTINO,,,,,,,
4°5°-15,15,,"Carrizo, Luna India",50139722,2/05/2010,ARGENTINO,,,,,,,
4°5°-16,16,,"Carrizo, Mateo David",49429805,,,Medina Claudia Patricia,ARGENTINA,AMA DE CASA,MARCOS PAZ 5235,1163712350,,
4°5°-17,17,,"Ponce Medina, Thiago",49681186,23/07/2009,ARGENTINA,,,,,,,
4°5°-18,18,,Nuñez Lujan Nahiara,50490787,10/08/2010,ARGENTINA,,,,,,,
4°5°-19,19,,Taboada Luis Nehuen Maximiliano,48594194,28/09/2008,ARGENTINA,Gomez Estela,ARGENTINA,AMA DE CASA,ZABALA 4031,1160294728,,
4°5°-20,20,,Villalba Natasha Serena,48842170,19/08/2008,ARGENTINA,,,,,,,
4°5°-21,21,4°3°,"Medina, Sergio Fernando",48371225,3/12/2007,ARGENTINA,Gonzalez Maria Teresa ,ARGENTINA,AMA DE CASA,BUENOS AIRES/TAFI 7564,1127774417,,
4°5°-22,22,,"Vallejos, Daniel",49309366,17/02/2009,ARGENTINO,,,,,,,
4°5°-23,23,3°3°,"ALGARIN VENIALGO, Jorge",49744895,,,,,,,,,
4°5°-24,24,3°4°,"GRISPI, Thian Jonás",50490841,,,,,,,,,
4°5°-25,25,3°3°,"OCAMPO VELA, Uriel",50778886,,,,,,,,,
4°5°-26,26,3°1°,"Gutierrez Mamani, Analia",49952314,,,,,,,,,
4°5°-27,27,,"Milojis, Kevin",48166192,14/08/2007,ARGENTINO,,,,,,,
4°5°-28,28,,"Rafael Barja, Jonathan",49361429,,,,,,,,,
4°5°-29,29,,Lecares Guadalupe,50977263,31/03/2011,ARGENTINA,Brizueña Ivana,PARAGUAYA,AMA DE CASA,COBO 8001,1130937750,,
4°5°-30,30,,Rolon Gonzalez Samira Anahí,50249578,25/04/2010,ARGENTINA,,,,,,,
4°5°-31,31,,Viccini Kevin,,,,Rotela Yanina Paola,ARGENTINA,AMA DE CASA,CAZON 7516,1135593610,,
4°5°-32,32,,Rotela Juliana,49438112,23/05/2009,ARGENTINA,,,,,,,
4°5°-33,33,EES N° 111,Diaz Elias,57078062,,,,,,,,,
4°5°-34,34,,"LEDESMA, Dante Benjamin",50656113,1/11/2010,ARGENTINO,,,,,,,
4°5°-35,35,4°4°,URBANO Braian Yoel,50139531,16/05/2010,ARGENTINO,SANTUSA GARNICA,BOL,AMA DE CASA,URDIMENEA 5527,1131199450,,
5°1°-1,1,4°1°,"AIZA GARNICA, CAMILA",50262123,18/06/2010,ARG,"Calle, Elsa",BOL,,"Cespedes 7831, Gonzalez Catan",,,
5°1°-2,2,4°1°,"Aldana Calle, Camila",95066875,2/01/2010,BOL,"Davila,Elizabeth Del Carmen",ARG,,"Zaraza 5645, Gonzalez Catan",,,
5°1°-3,3,4°1°,"ARISPE , José Antonio",50139536,17/03/2010,ARG,"Nuñez Venialgo,Blanca Zuny",PAR,,"Tafi 4551, Laferrere",,,
5°1°-4,4,4°1°,"Balbuena Nuñez, Alexis",49763306,4/11/2009,ARG,Fernández Barreto,PAR,,Tarija 5422 Catán,1150499654,,
5°1°-5,5,4°1°,"Céspedes Fernández, Benjamín",49623864,18/07/2009,ARG,Fernández Barreto NATALIA,PAR,A/c,Tarija 5422 Catán,1150499654,,
5°1°-6,6,4°1°,"Céspedes Fernández, Zaira",50139937,19/06/2010,ARG,"Meneses, Miguelina",BOL,,"Alcorta 33, Laferrere",,,
5°1°-7,7,4°1°,"COCA MENECES, Bianca",49701209,6/08/2009,ARG,Trujillo vilacahua,BOL,,Donizetti 7363 Catán,1133503215,,
5°1°-8,8,4°1°,"Coria Trujillo, Katia Karen",49676163,4/09/2009,ARG,"Santacruz Vera, Librada",PAR,,"Tafi 5761, Laferrere",,,
5°1°-9,9,4°1°,"Duarte Santacruz, Rodrigo Alexis",50139660,22/04/2010,ARG,"Bustamante linares, Maria Del Carmen",BOL,,"Riglos 5889, Laferrere",,,
5°1°-10,10,4°1°,"Escobar Bustmante, Eytan",95484149,26/05/2009,BOL,Aldana María,ARG,,Zelada 5380 Catán,1138669702,,
5°1°-11,11,4°1°,"Flores, Ezequiel",49747900,30/01/2010,ARG,"Condori Mamani,Constantina",BOL,costurera,"Juan Cobo 7821, Gonzalez Catan",,,
5°1°-12,12,4°1°,"GUZMAN CONDORI, Dulce V.",49927110,26/11/2009,ARG,"Cordoba, Nora Del Carmen",ARG,,"Saenz 5540, Laferrere",,,
5°1°-13,13,4°1°,"LANCUBA, Bianca Luana",50075238,23/02/2010,ARG,Morinigo Fiorella,ARG,vendedora,Donizetti 6722,1136710330,,
5°1°-14,14,4°1°,"Lazarte, Maite Nicole",49525586,27/07/2009,ARG,AGUILAR ROMINA,PAR,AMA DE CASA,ZARAZA 6107,1161274760,,
5°1°-15,15,4°1°,MACIEL RAMIRO A.,48576359,15/01/2008,ARG,"Mamani Huanca, Sonia",BOL,,"Juan Cobo 7895, Gonzalez Catan",,,
5°1°-16,16,4°1°,"MAMANI MAMANI, Griselda",50148201,21/03/2010,ARG,"Quispe, Jhobana",BOL,,"Tarija 5537, Gonzalez Catan",,,
5°1°-17,17,4°1°,"MAMANI QUISPE, Jenny",94816307,21/03/2010,BOL,"Medina, Antonia",PAR,,"Cazon 7756, Gonzalez Catan",,,
5°1°-18,18,4°1°,"MONTIEL MEDINA, Thiago",50089289,30/12/2009,ARG,"Castro, Ivana Estefania",ARG,EMPLEADA,ZARAZA 5650,1171232764,,
5°1°-19,19,4°1°,"Ponce, Yair Jonas",50055555,17/05/2010,ARG,"Peñaranda Limachi, Nancy Marcela",ARG,,"Buenos Aires 7474, Gonzalez Catan",,,
5°1°-20,20,4°1°,RAMIREZ PEÑARANDA ERIC JONATHAN,49361461,19/05/2009,ARG,Moreno Cristina,ARG,a/c,Santo Tomé 5444 Catán,1168694418,,
5°1°-21,21,4°1°,"Ramírez, Franco Uriel",49676075,19/05/2009,ARG,"Veliz, Daniela Alejandra",ARG,,"Chassaing 5226, Gonzalez Catan",,,
5°1°-22,22,4°1°,"RIVAS, Tiziano Leonel",50044311,28/12/2009,ARG,"Britez Lugo,Rosa Maricel",PAR,,"Juan Cobo 7939, Gonzalez Catan",,,
5°1°-23,23,4°1°,"SAMUDIO, Luz Milagros",50325772,5/05/2010,ARG,Sánchez Fany,PAR,a/c,Riglos 7779 Catán,1130586796,,
5°1°-24,24,4°1°,"Sánchez, Erica Juliana",49537669,3/06/2009,ARG,"Vallejos,Julieta Aldana",ARG,,"Marcoz Paz 5229, Gonzalez Catan",,,
5°1°-25,25,4°1°,"Sanchez, Fiamma Aylen",49744969,1/12/2009,ARG,BRIZUELA NATALIA MIRIAM,ARG,A/C,SAENZ5071,1153419034,,
5°1°-26,26,4°1°,"TABOADA, Nahiara M.",50287622,3/05/2010,ARG,"Sanchez Martinez, Sonia",BOL,,"Tafi 5585, Gonzalez Catan",,,
5°1°-27,27,4°1°,"Vargas Sanchez, Evelyn D.",49522617,14/06/2009,ARG,"Ferraris, Maria Elena",ARG,,"Marcoz Paz 5233, Laferrere",,PASA A 5°4,
5°1°-28,28,4°1°,"Villarruel , Victoria Aldana",49952431,,ARG,"Reyes, Rosa Isabel",ARG,,"Garmendia 5342, Gonzalez Catan",,,
5°1°-29,29,4°1°,"Yahari Reyes, Emiliana F",50148258,29/03/2010,ARG,Caballero Vazquez Roberto Carlos,PAR,EMPLEADO,ZARAZA Y PERITO MORENO 33,,,
5°1°-30,30,5°2,"Barrios Vazquez, Enzo Matias",49724838,24/08/2009,ARG,ROSSI XIOMARA ITATI,ARG,A/C,CALDERON DE LA BARCA 6496,1133113363,,
5°1°-31,31,5°2°,Rios Thiago Yair,50046713,28/05/2010,ARG,,,,DONIZZETTI7425,1135737820,,
5°1°-32,32,5°4°,CHEMELLO ALEJANDRO,48835891,10/09/2008,ARG,,,,,,,
5°1°-,,5°5°,PONCE LAUTARO,49525531,,,Barrios María ,Argentina ,ama de casa ,i.russo 7397 Catán ,1131516990,,
5°2°-1,1,,"Baez, Ruth",49239253,7/06/2009,arg,malvestiti María ,Argentina ,ama de casa ,cazón 7320 Catán ,1169604730,,
5°2°-2,2,,"Balverde, Cristian Nicolas",48640848,31/03/2008,arg,paz Romina ,Argentina ,ama de casa ,Santo Tomé 5246 Laferrere ,1164821955,,
5°2°-3,3,,"Barrientos, Tobias Joel",49232620,9/12/2008,arg,florentín caracila ,Bolivia ,ama de casa ,P.de las flores casa9 Catan,1136916686,,
5°2°-4,4,,"CARDENAS, Diego Josue",,10/06/2009,bol,guardia Dora ,Argentina ,ama de casa ,"CARCARAÑA 6832, LAFERRERE",1150450897,,
5°2°-5,5,,"Contreras, Macarena Aylen",50058634,25/02/2010,arg,Diego Nadia ,Uruguay ,ama de casa ,C. Gomez 5712 laferrere,1160047140,,
5°2°-6,6,,"Diego, Valentina Abigail",19108347,4/02/2007,arg,"FRANCO MEDINA, LOIDA",Paraguay ,ama de casa ,"ZARAZA 13, GONZALEZ CATAN",1154159149,,
5°2°-7,7,,"Fariña Franco, Aldo Nahuel",49934721,13/12/2009,arg,Jofré Cintia ,Argentina ,ama de casa ,C. gomez 4485 Laferrere,1125642094,,
5°2°-8,8,,"Ferraris, Kiara Morena",48479309,3/06/2008,arg,Figueroa Nancy ,Argentina ,Ama de casa ,Garmendia 4957 Laferrere,1128050063,,
5°2°-9,9,,"GORDILLO, JAZMIN",47032864,8/03/2007,arg,López Mayra ,Argentina ,ama de casa ,Cazon 7320 Laferrere,1138071629,,
5°2°-10,10,,"IZAURRALDE, LAUTARO",48367707,13/11/2007,arg,Romero Romina ,Argentina ,ama de casa ,Bessares 7291 Laferrere,1154923949,,
5°2°-11,11,,"Juarez, Melany Camila",49607564,8/07/2009,arg,,,,Buenos Aires 7465 Catan,1124984743,,
5°2°-12,12,TM ,"MATOSO, Gabriel Alexander",49661483,16/08/2009,arg,Monzón María ,Argentina ,ama de casa ,Cazon 7260 Laferrere,1126166240,,
5°2°-13,13,,"Monzon, Gonzalo Ismal",49760462,8/11/2009,arg,Sosa María ,Argentina ,ama de casa ,victor hugo 5092 Laferrere,1164306875,,
5°2°-14,14,EES n° 2 es,Moreno Mia,49951312,23/11/2009,arg,,,,I. Russo 6496 Laferrere,1133113363,,
5°2°-15,15,T.M,"Rios, Thiago Yair",50046713,28/05/2010,arg,De león María ,Argentina ,ama de casa ,Juan Cobo 7498 Catan,1138419419,,
5°2°-16,16,,"Romero, maria Elizbeth",50010311,20/12/2009,arg,,,,,,,
5°2°-17,17,,SOSA MORNA ABIAGAIL,49951312,,arg,Albornoz Maria ,Argentina ,ama de casa ,Zabala 5614 Catan,1124943819,,
5°2°-18,18,,"Tassara, Celeste Martina",49416444,25/10/2009,arg,Verón Mayra ,Argentina ,ama de casa ,Victor hugo 5060 Laferrere,1128426620,,
5°2°-19,19,,"Veron, Aron Yandel",49676164,4/09/2009,arg,,,,,1151374533,,
5°2°-20,20,4°1°,"Villarruel , Victoria Aldana",49952431,,arg,Ávalos Evelyn ,Peruana ,ama de casa ,Doblas e/ cobo y spiro,,,
5°2°-21,21,,"Briones Avalos, Tatiana Pilar",94800752,14/07/2007,Peruana,Gallardo Elida ,Argentina ,ama de casa ,Víctor Hugo 5341 Catán ,1130954624,,
5°2°-22,22,,Torres Thiago Valentin,49534507,8/07/2009,Argentina ,"Suarez, Marcela Liliana",Argentina,Ama de casa,"Estomba 5502, Gonzalez Catan",1127973715,,
5°3°-1,1,,"ACOSTA, Lauriano Valentín",49676043,11/08/2009,ARGENTINA,Tejeda Andrea Paola,Argentina,Ama de casa,Cazon 7259 GLaferrere,,,
5°3°-2,2,,"AGUERO, Aylen",49919135,22/03/2010,ARGENTINA,Ayanome Mamani Irma,Boliviana,Ama de casa,Alcorta 34 G.Catan,1122821319,,
5°3°-3,3,,AGUILAR YAGMANI ARIEL,95614569,24/11/2008,BOLIVIANA,"Centurion, Maria Yrene",Argentina,Ama de casa,"Varela 5277, Laferrere",,,
5°3°-4,4,,"AGUIRRE, Dante Agustín",49744623,16/09/2009,ARGENTINA,"Palavecino, Graciela",Argentina,Ama de casa,Tarija SN GCatan,1164621907,,
5°3°-5,5,,"BRITES, Kevin Thomas",50148293,31/03/2010,ARGENTINA,Gutierrez Griselda Leticia,Argentina,Ama de casa,Cobo 6680 GCatan,1162303060,,
5°3°-6,6,,"BUSTAMANTE, LUDMILA",48987689,2/11/2008,ARGENTINA,jimenez Jessica,Argentina,Ama de casa,Echaurri 7442 GCatan,1128835493,,
5°3°-7,7,,"BUSTOS, Tiziano Gabriel",49744983,4/12/2009,ARGENTINA,Lazarte Sandra Blanca,Argentina,Ama de casa,Echaurri 7458 GCatan,1158884509,,
5°3°-8,8,,"Cañete Lazarte, Milagros Hayde",49525566,16/07/2009,ARGENTINA,,Argentina,Ama de casa,victor hugo5795 Glaferre,1131903867,PASE AL TV,
5°3°-9,9,,"CARDOZO FRANCO, Ámbar M",50321474,26/05/2010,ARGENTINA,Carruega Cecilia Elizabeth,Argentina,Ama de casa,Cazon 7273 Glaferrere,1169836614,,
5°3°-10,10,,"CARRUEGA, Isabella Anahí",49231802,,ARGENTINA,Alvarado Andrea,Argentina,Ama de casa,"Garmendia 5311, Gonzalez Catan",1132837380,,
5°3°-11,11,,"CHAMORRO, Tiago Emanuel",50139894,12/06/2010,ARGENTINA,Gonzalez Mariela,Argentina,Ama de casa,Donizzetti 6472 Gcatan,1155077535,,
5°3°-12,12,,"ENRRIQUE, ANA ZAIRA",49986625,21/12/2009,ARGENTINA,Saldin Aquino Silvia,Boliviana,Ama de casa,Tarija y Apipe s'n Gcatan,1130304179,,
5°3°-13,13,,"FLORES JALDÍN, Jhoel E.",96102187,4/04/2010,BOLIVIANA,Gaitan Romina Soledad,Argentina,Ama de casa,Bs As 7325 G Catan,1176132636,,
5°3°-14,14,,"Gaitán, Thiago Ezequiel",49747812,26/10/2009,ARGENTINA,Corvalan Carolina Giselle,Argentina,Ama de casa,Victor Hugo 5298 GCatan,1158863755,,
5°3°-15,15,,"GONZALEZ CORVALAN, Morena",50257164,3/06/2010,ARGENTINA,Miño Rocio Magali,Argentina,Ama de casa,Federico Russo 6805 Gc,1169538219,,
5°3°-16,16,,"GUARDO, Morena Abigail",50058687,10/03/2010,ARGENTINA,Lagos Alejandra Lucia,Argentina,Ama de casa,Estomba 5117 Glaferrere,1151026385,,
5°3°-17,17,,"Lagos, Santino Yair",50287541,4/04/2010,ARGENTINA,Duarte  Elvira,Paraguaya,Ama de casa,Tafi 7860 Gcatan,1151167721,,
5°3°-18,18,,"LUGO DUARTE, Alma Leticia",49935001,9/12/2009,ARGENTINA,Belen Poory Gabriela Yanet,Boliviana,Ama de casa,Juan Cobo 8083 Gcatan ,1123131456,,
5°3°-19,19,,"MEDRANO BELEN, Nahuel",49762938,29/12/2009,ARGENTINA,Flores Choque Villca Lucia,Boliviana,Ama de casa,Doblas7763 Gcatan,1137656079,,
5°3°-20,20,,"MOLINA FLORES, Gabriel",49744761,9/10/2009,ARGENTINA,Prado Huaman Deysi Margot,Peruana,Ama de casa,Calderon de la barca7878,1164317578,,
5°3°-21,21,,"PRADO, Alexander Jose",94905956,13/12/2009,PARAGUAYA,Mamani Viviana,Argentina,Costurera,Saenz 5450 Gcatan,1136218212,,
5°3°-22,22,,"RAMIREZ, Alma Luciana",50139628,5/04/2010,ARGENTINA,Gerca Silvina Elizabeht,Argentina,Ama de casa,Cazon 6936 Glaferrere,1161295827,,
5°3°-23,23,,"RIOS, Derlis Martin",50158347,21/03/2010,ARGENTINA,Galvan Maria Alejandra,Argentina,Ama de casa,Chassaing 5428 Gcatan,1132271131,,
5°3°-24,24,,"RUIZ GALVAN, Morena Delfina",49555344,3/08/2009,ARGENTINA,Blanco Romina Paola,Argentina,Ama de casa,Juan Cobo7046 Gcatan,1153495389,,
5°3°-25,25,,"RUIZ, MAIA LUDMILA",50058690,10/03/2010,ARGENTINA,Cisterna Giselle Fabiana,Argentina,Ama de casa,Donizetti 7352 Gcatan,1138326710,,
5°3°-26,26,,"SARDINAS CISTERNA, Jésica",50883772,3/10/2009,ARGENTINA,Ibañez Marta Azucena,Argentina,Ama de casa,Victor Hugo 5410 Glaferrere,1164489018,,
5°3°-27,27,,"TORRES, Lourdes Morena",49744867,9/11/2009,ARGENTINA,Coronado Coria Ninfa,Boliviana,Ama de casa,Donizetti 7371 Gcatan,1122951887,,
5°3°-28,28,,"VELIZ CORONADO, FACUNDO",49840433,24/10/2009,ARGENTINA,Del Valle Adolfina,Paraguaya,Ama de casa,Apipe 5 piso Gcatan,1162562327,,
5°3°-29,29,,"VERA DELVALLE, Yessica Yisel",95928658,6/03/2010,PARAGUAYA,Chaca Condori Nieves,Boliviana,Ama de casa,Donizzeti s n G catan,1126777915,,
5°3°-30,30,,"OCSA CHACA,Lucas",49550474,4/11/2009,ARGENTINA,Gerula Rosa Ester,Argentina,Ama de Casa,Bs As 7378 Gcatan,1124984743,,
5°3°-31,31,,"MATOSO,Gabriel",49661483,16/08/2009,ARGENTINA,PORTAL CARMEN,bolivia ,ama de casa ,Cobo 7413 Catán ,1173691648,,
5°4°-1,1,,"ALBINO PORTAL,  JUAN",95592807,6/07/2007,bolivia ,baez Hilario ,Argentina ,ama de casa ,Sáenz 5207 lafe ,1140638564,,
5°4°-2,2,,"BAEZ, IVANA NAHIARA ",50326645,14/05/2010,Argentina ,CUBILLA NELIDA,Argentina ,ama de casa ,Donizetti 7480 Catán ,1130789421,,
5°4°-3,3,,"BALVUENA, DENIS",49934842,7/01/2010,Argentina ,gomez Marta ,Argentina ,ama de casa ,Donizetti 7425 Catán ,1135737820,,
5°4°-4,4,,"CHEMELLO, ALEJANDRO",48835891,10/09/2008,Argentina ,Mendoza Vanina ,Argentina ,ama de casa ,doblas 7793 Catán ,1125353949,,
5°4°-5,5,,"CORDOBA, ALEXIS",50403311,8/07/2009,Argentina ,arrua Gladys ,Argentina ,ama de casa ,zelada 5357 Catán ,1157430279,,
5°4°-6,6,,"FRUTOS, SANTIAGO",49887915,8/01/2010,Argentina ,vera Hermenegilda,Paraguay ,ama de casa ,p.moreno casa 47 Catán ,1125703923,,
5°4°-7,7,,"GERBINO, BRENDA",49904705,16/11/2009,Argentina ,López Lourdes ,Paraguay ,ama de casa ,Donizetti 7470 Catán ,1156376772,,
5°4°-8,8,,"LOPEZ, YAMILA",50288054,15/04/2010,Argentina ,Martínez Nancy ,Argentina ,ama de casa ,Saraza 5922 Catán ,1128454107,,
5°4°-9,9,102,"PEREYRA , SANTIAGO",49542508,13/06/2009,Argentina ,,,,,,,
5°4°-10,10,,"SERRANO, TIAGO",,,,jardinez Érika ,Argentina ,ama de casa ,Varela 5219 lafe,1140845772,,
5°4°-11,11,,"TAPIA, ELIAS",49744714,2/10/2009,Argentina ,savarese María ,Argentina ,ama de casa ,Zabala 5140 lafe,1139482548,,
5°4°-12,12,,"VARELA, MAURICIO",50413706,13/06/2010,Argentina ,platero Claudia ,Argentina ,ama de casa ,Cobo 7191 Catán ,1128727486,,
5°4°-13,13,27,"BANEGAS, MELANIE",49934814,4/01/2010,Argentina ,Toledo Johana ,Argentina ,ama de casa ,v.hugo 5115 lafe,1124959831,,
5°4°-14,14,,"CASTILLO, GONZALO EZEQUIEL ",48835524,9/06/2008,Argentina ,castillo Daniel ,Argentina ,ama de casa ,v.hugo 5050 lafe,1166088702,,
5°4°-15,15,,"CASTILLO, MORENA MILAGROS ",48462882,18/01/2008,Argentina ,Apaz Arce givanka ,bolivia ,ama de casa ,bs.as 7381 catan ,1132132450,,
5°4°-16,16,,"IBARRA APAZ, NATALIA ANDREA ",49905028,13/10/2009,Argentina ,Giménez Daniela ,Argentina ,ama de casa ,Sáenz 5154 lafe,1139351146,,
5°4°-17,17,,"MACIEL, RAMIRO ARIEL",48576359,15/01/2008,Argentina ,Quispe juana,bolivia ,ama de casa ,Donizetti 7569 catan,1133524351,,
5°4°-18,18,,"MEJILLONES OSCO, JESSICA MICHELLE ",48854606,24/06/2008,Argentina ,Gonzalez Maria ,Argentina ,ama de casa ,bs.as 7968 Catán ,1168694784,,
5°4°-19,19,,"VALLEJO, DANIEL EDUARDO ",49309366,17/02/2009,Argentina ,Benítez Johana ,Argentina ,ama de casa ,bs as 7522 Catán ,1123116359,,
5°4°-20,20,4°4°,"LISITRA , LAUTARO ",49887746,1/11/2009,Argentina ,Enciso Rosana ,Argentina ,ama de casa ,Garmendia 4286 Catán ,1130774285,,
5°4°-21,21,91,"SILVERO, ELIEL FACUNDO ",49377335,9/02/2009,Argentina ,,,,,,,
5°4°-22,22,,RAMÍREZ ZIMMER ELIAS,,,,Pennachio Daniela ,Argentina ,Docente ,Jachal 276 Catán ,1161344292,,
5°4°-23,23,22,JOVINE RAMIRO MARTÍN ,49679492,29/12/2009,Argentina ,BARRIOS DAIANA,ARG,AMA DE CASA,CHOPIN 4876,1126879430,,
5°5°-1,1,MEDIA 21,Ale Agustina,50393810,11/06/2010,ARGENTINA,QUIROZ LAURA,ARG,MASAJISTA,RIGLOS 7090,1151547522,,
5°5°-2,2,4 5°,"BAIROS QUIROZ, AXEL Sebastían",47430413,14/11/2006,ARGENTINO,GARCIA MARIA,PAR,AMA DE CASA,GARZON 5390,1176398752,,
5°5°-3,3,4 3°,"Brizuela Garcia, Franco Ignacio",50287661,20/04/2010,ARGENTINO,CARDOZO JOHANA,ARG,AMA DE CASA,ECHAURRI 7458,1136635611,,
5°5°-4,4,4 3°,"DIAZ CARDOZO, Ariadna P.",49810944,11/10/2009,ARGENTINA,DIAZ RAMOA ARMINDA,ARG,,CESPEDES 7838,1161805123,,
5°5°-5,5,4 5°,"DIAZ RAMOS, JONATHAN",48565993,25/02/2008,ARGENTINO,FERNANDEZ DEBORA,ARG,AMA DE CASA,CALDERON DE LA BARCA 6917,1130606247,,
5°5°-6,6,4 5°,"Fernández, Matías Uriel",49676035,7/08/2009,ARGENTINO,ROGELIA DURE,PAR,AMA DE CASA,DONIZZETI 7545,1136051310,,
5°5°-7,7,4 3°,"FRANCO DURE, Thiago Martin",50209753,7/05/2010,ARGENTINO,GONZALEZ MARTIN,ARG,ELECTRICISTA,ESTOMBA 5156,1166207691,,
5°5°-8,8,4 5°,"GONZALEZ, Nerine Martina",49231642,23/06/2009,ARGENTINA,BAEZ MORAN,ARG,AMA DE CASA,TARIJA Y CAZON 5212,1139578590,,
5°5°-9,9,4 3°,Gonznzalez Matias,49258266,,,ALVEZ GLADYS,ARG,AMA DE CASA,RESERO 7696,1125359478,,
5°5°-10,10,4 1°,"Hidalgo, Maia Ayelen",50139706,30/04/2010,ARGENTINA,RECALDE ORNELLA,ARG,,,,,
5°5°-11,11,4 5°,"Juarez, Liz Ximena",48640900,,ARGENTINA,,,,RIGLOS 7166,1164759453,,
5°5°-12,12,4 1°,"Lazarte, Maite Nicole",49525586,27/07/2009,ARGENTINA,SORIA LORENA,ARG,AMA DE CASA,STO TOME 5341,1125218081,,
5°5°-13,13,4 5°,"LOPEZ, IVAN GONZALO",48987564,11/10/2008,ARGENTINO,AGUILAR ROMINA,ARG,AMA DE CASA,ZARAZA 6088,1161274760,,
5°5°-14,14,4 1°,"MACIEL, RODRIGO",49547088,2/07/2009,ARGENTINO,MACIEL ROMINA,ARG,AMA DE CASA,JUAN CRUZ VARELA 5395,1176003870,,
5°5°-15,15,4 5°,"Maciel, Uriel Alexander",49231877,9/03/2009,ARGENTINO,MANSILLA ROMINA,ARG,AMA DE CASA,ECHAURRI 7269,1133644547,,
5°5°-16,16,5 1°,"Mansilla, Yamir Ezequiel",49235196,30/03/2009,ARGENTINO,MENDOZA ELIANA,ARG,EMPLEADA,RUSSO 7429,1155662031,,
5°5°-17,17,4 2°,"Mendoza, Eros Fabricio",48857748,2/09/2008,ARGENTINO,MORAN CLAUDIA,ARG,,DONIZZETI 7449,1139384735,,
5°5°-18,18,4 5°,"Morán, Carolina Daniela",53285584,11/07/2008,ARGENTINO,PINTOS NOEMI,ARG,AMA DE CASA,ZARAZA 5660,1171232764,,
5°5°-19,19,4 1°,"Odato Pintos, Leonel Tiziano",48643414,11/04/2008,ARGENTINO,MACIEL VIVIANA,ARG,,JUAN CRUZ VARELA 5395,1135819063,,
5°5°-20,20,4 5°,"Orellana, Sofía Julia",49744833,29/10/2009,ARGENTINA,GALEANO NATALIA,ARG,AMA DE CASA,COLEGIALES 7559,1134407087,,
5°5°-21,21,4 5°,"PEREZ GALEANO, Agustina Maria",49905282,20/11/2009,ARGENTINA,PEREIRA ANA,ARG,AMA DE CASA,ECHAURRI 7027,1150240680,,
5°5°-22,22,4 5°,"POPP, Nicolas Oscar",48028243,14/03/2007,ARGENTINO,BALLESTER MARISA,ARG,AMA DE CASA,VARELA 5655,1123168726,,
5°5°-23,23,4 3°,"QUINTANA, GONZALO",51161714,5/07/2009,ARGENTINA,SILVA JUAN,ARG,,SPIRO 5227,1150427490,,
5°5°-24,24,4 5°,"Silva, Ana",49253400,14/02/2009,ARGENTINA,SILVA JUAN,ARG,,SPIRO 5227,1150427490,,
5°5°-25,25,4 5°,Silva Romin Rocio,56033332,7/01/2007,ARGENTINA,ARRUA YESICA ,ARG,AMA DE CASA,ECHAURRI 6705,1150940185,,
5°5°-27,27,4 4°,"Sosa, Facundo Alexis",49525667,15/09/2009,ARGENTINO,,,,,,,
5°5°-28,28,4 5°,Rodriguez Victoria,,,,GONZALEZ MARIA,ARG,AMA DE CASA,BS AS 7568,1162517165,,
5°5°-29,29,EES 3,Vallejo Leandro,48367599,24/10/2007,ARGENTINO,,ARG,AMA DE CASA,,,,
5°5°-30,30,4 3°,"CARDOZO FRANCO, Ámbar M",50321474,26/05/2010,,,,,,,,
5°5°-31,31,5 1°,Ponce Lautaro,,,,IARI MIRIAM,ARG,AMA DE CASA,COLEGIALES 7046,1122712490,,
5°5°-32,32,EES 108,Correa Keyla,,23/03/2009,ARGENTINA,QUIROZ ADRIANA,ARG,AMA DE CASA,RUSSO 6350,1123329272,,
5°5°-33,33,4 1°,Pintos Quiroz Tobias,49986700,16/01/2010,ARGENTINO,ANDIA VIRGINIA,BOL,AMA DE CASA,DOBLAS Y RIGLOS,1138517934,,
5°5°-34,34,EES 141,Arispe Andie Shesire,95093949,19/07/2009,ARGENTINO,Garnica Santusa,Boliviana,Ama de casa,URDIMENEA 5527,1167973604,,
6°1°-1,1,5°1°,"Aiza Garnica, Thania",95098047,2/10/2007,Boliviana,Luque Samanta,Argentina,Ama de casa,Chopin 5265,1149719507,,
6°1°-2,2,5°1°,"Alegre, Jazmín Aylén",48835824,21/08/2008,Argentina,Amarilla Aranda susana,Argentina,EMP DOMESTICA,"Bs As 7517, González catan",1126997380,,
6°1°-3,3,5°1°,"Aquino, Héctor Martin",48964710,4/09/2008,Argentina,Araujo Jorge Daniel,Argentina,Empleado,Marcos Paz 5272,1136193623,,
6°1°-4,4,5°1°,Araujo Sasha Jazmin,49361255,13/04/2009,Argentina,Cardozo Mirta,Agentina,Ama de casa,Marcos Paz 5048,1151169596,,
6°1°-5,5,5°1°,"Ayala, Zoe Yasmín",49166125,15/12/2008,Argentina,Soto Griselda,Agentina,Ama de casa,"Cazon 7508, Gregorio de Laferrere",1130514392,,
6°1°-6,6,5°1°,"Blanco, Samuel",48835621,4/07/2008,Argentina,Ponce Veronica,Argentina,Ama de casa,Saenz5230,1162044757,,
6°1°-7,7,5°1°,"Bogado, Thiago Dylan",49549686,24/05/2009,Argentina,"LEGUIZA, MONICA ADRIANA",Argentina,Vendedora,Echaurri 7145,1138615331,,
6°1°-8,8,5°4°,"BOREA, NAHIARA",49260885,31/01/2009,Argentina,Galvan Angela Beatriz,Argentina,Ama de casa,Chassaing 5428 G catan,1126454481,,
6°1°-9,9,5°1°,"Cabrera Galván, Enzo Facundo",49068248,11/08/2008,Argentina,Jimenez Yessica,Argentina,Ama de casa,Echaurri 7442 Gcatan,1135710842,,
6°1°-10,10,5°1°,"Campanelli, Juan",49542410,28/05/2009,Argentina,Mendez Maria,Paraguaya,Ama de casa,Saenz 4863 Glaferrere,1132162851,,
6°1°-11,11,EES N° 28,Carrizo Rodrigo,48854893,29/06/2008,Argentina,Carrizo Sandra,Argentina,Ama de casa,Echaurri 6764 Gcatan,1151633820,,
6°1°-12,12,5°1°,"Carrizo, Santiago Roman",48835681,15/07/2008,Argentina,Chaca Condori Nieves,Boliviana,Ama de casa,Donizzetti 7480 G catan,1126277797,,
6°1°-13,13,5°1°,"Chaca, Analía Belen",49090054,4/10/2008,Argentina,Chamorro Peña Victor Javier,Paraguaya,Ama de casa,Saenz 9156 G laferrere,1124785713,,
6°1°-14,14,5°1°,"Chamorro Notario, Javier",48987593,15/10/2008,Argentina,Correa Sara Beatriz,Argentina,Ama de casa,Cazon 7663 G catan,1162666088,,
6°1°-15,15,5°1°,"Correa, Christian Daniel",49244770,18/12/2008,Argentina,Farias Nerina Soledad,Argentina,Ama de casa,Dpblas7086 Gcatan,1126640294,,
6°1°-16,16,5°1°,"Gauto, Daniel Alejandro",48921933,23/08/2008,Argentina,Guantay Alejandra Karina,Argentina,Ama de casa,Saenz5266 Glaferrere,1159191916,,
6°1°-17,17,5°1°,"Guantay, Santino",49166226,26/02/2009,Argentina,Centurion Maria del Carmen ,Argentina,Ama de casa,Marcoa paz 5047 G catan,1127621892,,
6°1°-18,18,5°1°,"Lescano, Ulises Pablo",49418922,23/04/2009,Argentina,Alomo Natalia,Argentina,Ama de casa,BS as 7530 Glaferrere,1151336154,,
6°1°-19,19,5°1°,"Mendoza Alomo, Aaron",49231826,2/08/2009,Argentina,Mamani Apaza Dina Ximena,Boliviana,Ama de casa,Riglos 7826,1123532112,,
6°1°-20,20,5°1°,"Pachaguaya Mamani, Ian Fernando",94995141,8/02/2009,Boliviana,Cabrera Sonia,Argentina,Ama de casa,Cobo 7755 G Catan,1152574787,,
6°1°-21,21,5°5°,"PACHECO, MAIA VANESA",49542191,17/05/2009,Argentina,Weigel Romina,Argentina,Ama de casa,Marcoa Paz 5271 G catan ,1137893464,,
6°1°-22,22,5°1°,"Pereyra, Iara Agustina",48835846,26/08/2009,Argentina,Redes juan Marid,Argentina,Operario,Santo Tome 5579 G catan,1150519496,,
6°1°-23,23,5°1°,"Redes, Ludmila Belen",48840551,18/07/2008,Argentina,Zerea Rosa Irma,Argentina,Ama de casa,"Riglos 7842, González Catan",1124583134,,
6°1°-24,24,5°1°,"Reinoso, Joaquín",49232700,21/01/2008,Argentina,Rojas Yésica del Milagro,Argentina,Ama de casa,Besares 7320 Glaferrere,1126846649,,
6°1°-25,25,5°1°,"Rojas, Mía Aylén",48987538,7/10/2008,Argentina,Sales Leila Edith,Argentina,Ama de casa,Bs As 7246 G catan,1135857141,,
6°1°-26,26,5°1°,"Salinas, Candela Edith",48835558,20/06/2008,Argentina,Calderon Alejandra,Argentina,Ama de casa,Bs As 7110 G catan,1127648035,,
6°1°-27,27,5°1°,"Sanchez, Mateo",49156477,27/02/2009,Argentina,Santillan Daniel,Argentina,Empleado,Inten. russo 7752,1124933103,,
6°1°-28,28,5°1°,"Santillan, Morena Jazmin Daniela",48312730,23/03/2008,Argentina,Bustos Lorena,Argentina,Ama de casa,Echaurri 7442 Gcatan,1164724645,,
6°1°-29,29,5°1°,"Sosa, Ángel Nicolás",48835781,11/08/2008,Argentina,Sotelo Nilda Agustina,Argentina,Ama de casa,Resero 5277 Glaferrere,1157571910,,
6°1°-30,30,5°1°,"Sotelo, Fabricio",50982820,27/06/2008,Argentina,Chavez Debora Natali,Argentina,Ama de casa,inten. russo 7360 Glaferrer,1162809031,,
6°1°-31,31,5°1°,"Velázquez, Catriel José",48978937,3/11/2008,Argentina,"SOTELO, CARINA RAMONA",ARG,,VARELA 5363,1128626105,,
6°2°-1,1,5to 2da,"Álvarez, Ángeles Ariana",48921908,1/09/2008,Argentina ,BARRIONUEVO ARIEL,ARG,,marcos paz 4321,1159041545,,
6°2°-2,2,5to 2da ,"Barrionuevo, Dylan Uriel",49231747,12/02/2009,Argentina ,Fernández  Gustavo ,ARG,,,1133976577,,
6°2°-3,3,5to 2da ,"Fernández, Melisa Tatiana",48289184,19/09/2007,Argentina ,DIAZ ESTEFANIA,ARG,AMA DE CASA,GARMENDIA 5215,1132518003,,
6°2°-4,4,5to 2da,"Galván Rivarola, Jorge Daniel",49379555,13/03/2009,Argentina ,"PEDROSO, MARIA OFELIA",ARG,,VICTOR HUGO 5771,1126536575,,
6°2°-5,5,5to 2da,"González, Thiago Leonel",48925794,,,LAMPERTI ANDREA,Arg,,,,,
6°2°-6,6,5to 2da ,"Hoffman, Ángel Gabriel",49361348,29/04/2009,Argentina ,"RIVAROLA GUZMAN, MARIA GRICELDA",PAR,,BUENOS AIRES 7454,1137623980,,
6°2°-7,7,,"Maciel, Morena Abigail",48987608,17/10/2008,pase ,"VITTONE, GRACIELA",ARG,,DOBLAS 7255,1134462486,,
6°2°-8,8,5to 2da ,"Maza, Joaquín Daniel",48987674,28/10/2008,Argentina ,"LAMPERTI, ANDREA NATALIA",ARG,,BUENOS AIRES 7026,1157449721,,
6°2°-9,9,5to 2da,"Medina, Candela Guadalupe",49314941,,,RUIZ MARIA,ARG,A/C,DONISETTI 6694,1164835512,,
6°2°-10,10,5to 2da,"Ochoa, Esteban Emanuel",49433143,25/03/2009,Argentina ,Maciel Nélida,ARG,,Donizetti 7441,1154708335,,
6°2°-11,11,5to 2da,"Pereira, Rocio Soledad",49134444,10/01/2009,Argentina ,"AICARDI, NORMA",ARG,,CAZON 6997,1132275292,,
6°2°-12,12,5to 2da,"Reinoso, Malena Celeste",49361313,20/04/2009,Argentina ,"JAIME, CINTHIA ANALÍA",ARG,,VARELA 5489,1133607465,,
6°2°-13,13,5to 2da ,"Romero, Damaris Agustina",49231943,23/03/2009,Argentina ,Guzmán Morales Ximena,BOL,AMA DE CASA,"Tajira s/n, González Catan",1156292512,,
6°2°-14,14,5to 2da,"Suárez, Xiomara Abigail",48524357,3/09/2008,Argentina ,VILLALBA VANESA,ARG,,,,,
6°2°-15,15,5to 2da,"Suruguay, Kiara Macarena",50982862,5/02/2009,Argentina ,PEREIRA LILIANA,ARG,AMA DE CASA,ZABALA 7517,3751613898,,
6°2°-16,16,5to 2da ,"Vallejo, Eugenia Catalina",49068330,30/11/2008,Argentina ,"AYBAR, AZUCENA BEATRIZ",ARG,,VICTOR HUGO 5160,1162278188,,
6°2°-17,17,,"Fleitas Ayala, Jonás Gael",49188433,30/01/2009,Argentina ,"LOPEZ, ANDREA NOEMI",ARG,,CAZON 7340,1169735428,,
6°2°-18,18,,"Chena García, Mario Salvador",49361484,22/05/2009,Argentina ,"DE GREGORIO, LORENA ISABEL",ARG,AMA DE CASA,CHASSAING 5630,1137812691,,
6°2°-19,19,5°1°,"Orona, Carlos Gabriel",49239064,24/04/2008,Argentina ,"ACOSTA, NATALIA BEATRIZ",ARG,,ZABALA 5226,1161063183,,
6°2°-20,20,,"Paredes, Jose Luis",48182814,,,BLANCO KARINA,ARG,AMA DE CASA,Cobo 7049,1162809183,,
6°3°-1,1,5°3,"Alfonso, Milena Jazmin",49235141,17/04/2009,ARG,ESTER  FLORES MAMANI,BOL,AMA DE CASA,Riglos 7017,1151569334,,
6°3°-2,2,5°3°,"Anagua Flores, Abel",49076495,24/01/2009,ARG,Soto Cynthia E,ARG,AMA DE CASA,"Bs As 7026, González catan",1559232708,,
6°3°-3,3,5°3°,"Benítez, Jasmín",49007961,4/11/2008,ARG,ORTEGA BACILICIA,PAR,AMA DE CASA,BS AS Y TUYU 7629,1169558294,,
6°3°-4,4,5°3°,"BOGADO RUIZ, ANTONELLA",49124633,24/11/2008,ARG,DIAZ ESTEFANIA,ARG,AMA DE CASA,GARMENDIA 5215,1166823828,,
6°3°-5,5,,"Carrizo, Luna Abigail",48835912,12/09/2008,ARG,Ruiz Diaz Cabaña Teresa,PAR,AMA DE CASA,"Zabala5355, G. CatÁn",1131287361,,
6°3°-6,6,5°3°,"Chena Ruiz Diaz, Arnaldo Ezequiel",48987643,25/10/2008,ARG,CANISARES VEDIA CANDELARIA,BOL,AMA DE CASA,TAFI S/N. E/RIGLOS Y DOBLAS,1159815909,,
6°3°-7,7,5°3°,"Coca Canisarez, Nicolas H",49377153,13/02/2009,ARG,Cejas Patricia Isabel,ARG,AMA DE CASA,Víctor Hugo 57731 G. CatÁn,1161070198,,
6°3°-8,8,5°3°,"Córdoba, Sheila Tatiana",49238861,6/08/2009,ARG,CUBILLA NELIDA,ARG,AMA DE CASA,Donizetti 7480,1130789421,,
6°3°-9,9,5°3°,"Cubilla, Armando Jesus",48643534,30/04/2008,ARG,Colina Encina Eve Sirley,PAR,AMA DE CASA,"Juan cobo 7898, G. Catan",1153415381,,
6°3°-10,10,5°3°,"Del Valle Colina, Yamila Jazmin",49260525,18/12/2008,ARG,ESPINDOLA DIONISIO,ARG,EMPLEADO,"Echaurri 7221, González Catan",1121619814,,
6°3°-11,11,5°3°,"Espíndola, Zaira Belén",49595027,16/06/2009,ARG,LEDESMA LEGUIZAMON ANA MARIA,PAR,AMA DE CASA,"Echaurri 7482, G. Catan",1121709431,,
6°3°-12,12,5°3°,"Fernández Recalde, Jorge Agustin",49378451,16/06/2009,ARG,Gutiérrez Gladys,ARG,AMA DE CASA,"Garmendia 5670, González  Catan",1128247683,,
6°3°-13,13,5°3°,"Florentín, Gonzalo Gastón",48448985,8/03/2008,ARG,RIVAROLA LIZ  IVANA,PAR,AMA DE CASA,Cazón 7910,1149739933,,
6°3°-14,14,5°3°,"Gonzalez Rivarola, Brian B",48798180,3/08/2008,ARG,OLIVERA MARIA  LAURA,ARG,AMA DE CASA,SANTO TOMÉ 5324 G. CAT.,1165189178,,
6°3°-15,15,5°3°,"Josef, Morena Abigail",48922564,18/12/2008,ARG,Denis Ferreira Isidora,PAR,AMA DE CASA,"Juan Cobo 7500, G. Catan",1166246137,,
6°3°-16,16,5°3°,"Mareco Denis, Aldo Alejandro",49517153,2/05/2009,ARG,CHENA FERREIRA SANDRA SOLEDAD,PAR,a/c,ZABALA 5355 CATÁN,1131384843,,
6°3°-17,17,5°3°,"Morales Aranda, Yanina Belen",49542142,9/05/2009,ARG,ARAOZ MARINA,ARG,AMA DE CASA,SARAZA 5650,1165098989,,
6°3°-18,18,5°3°,"NIEVA, CANDELA JAZMIN",48932861,23/08/2008,ARG,OCAMPO RENEE,ARG,AMA DE CASA,Garmendia 5445,1127944780,,
6°3°-19,19,5°3°,Ocampo Vela Alan A.,49361284,15/04/2008,ARG,sale a tt ,,,,,,
6°3°-20,20,5°3°,PAREDES JOSÉ LUIS,48182814,7/10/2007,ARG,Mamani Donaire Maria,Boliviana,AMA DE CASA,"Echaurri  y Tuyú, G. Catan",1124474003,,
6°3°-21,21,5°3°,"RODRIGUEZ MAMANI, JASON",94120537,26/11/2008,ARG,RODAS GALEANO DIONICIA,PAR,AMA DE CASA,DOBLAS 7983 G. CATÁN,1160472708,,
6°3°-22,22,5°3°,"Román Rodas, Denise Daiana",49361296,7/10/2007,ARG,OSORES CARLA,ARG,AMA DE CASA,Russo 6610,1151202703,,
6°3°-23,23,5°3°,"Salinas Osores, Elías Omar",49418953,26/04/2009,ARG,TEVEZ RITA,ARG,AMA DE CASA,MARCOS PAAZ 5532,1121739236,,
6°3°-24,24,5°3°,"TORRES, ANA ARACELI",48921697,6/09/2008,ARG,TRINIDAD BOGADO DORA MARIEL,PAR,AMA DE CASA,PERITO MORENO 41,1124981368,,
6°3°-25,25,5°3°,Trinidad Yanina,48843044,18/06/2008,ARG,GRANADO SILVIA CAROLINA ,ARG,AMA DE CASA,VICTOR HUGO 5513,1166863996,,
6°3°-26,26,5°3°,"Villegas, Camila Ayelen",49525520,18/06/2009,ARG,VARGAS HILDA,BOL,AMA DE CASA,ESTOMBA 5509 G. CATÁN,1161175697,,
6°3°-27,27,6°1,"Arnez Vargas, Joaquín Jose",48840523,18/07/2008,ARG,Mamani Donaire Maria,Boliviana,AMA DE CASA,"Echaurri  y Tuyú, G. Catan",1124474003,,
6°3°-28,28,5°3°,"Rodríguez Mamani, Anthony",49120538,26/11/2008,ARG,HUMEREZ ALEJANDRA,ARG,DOCENTE,VARELA 5335,1139037464,,
6°4°-1,1,,"ACEVAL, BRISA",48931794,,,"AGUIRRE ,Roque",Arg,,SARAZA 4622,1128605632,,
6°4°-2,2,,"AGUIRRE, DANILO",48878636,12/02/2009,Argentina ,"TORRES BAEZ,Marta",paraguaya ,,,,,
6°4°-3,3,,"ALMADA TORRES, HECTOR",95037081,20/08/2008,paraguaya ,"BRITEZ,Germán ",paraguaya ,,ECHAURRI 7145,1161996288,,
6°4°-4,4,,"BRITEZ GIMÉNEZ, ARACELI NOEMÍ",49007042,3/09/2008,Argentina ,Ledesma Daniela,ARG,,Estomba 4862,1161643407,,
6°4°-5,5,,"GERÉZ, TATIANA JACQUELINE",49361355,30/04/2009,Argentina ,HOFFMAN ARIEL RICARDO,ARG,,BS. AS 7016,,,
6°4°-6,6,,HOFFMAN PAZ SOLANGE MARIANA,48107665,23/09/2007,Argentina ,,,,SANTO TOME 5310,1165726725,,
6°4°-7,7,,"JOSEF, JORGE RAMON",56864528,,,"PAZ,Romina",ARG,,Chassaing 4986,1125358799,,
6°4°-8,8,,"JOSEF, RODRIGO ARIEL",48987998,2/01/2009,Argentina ,Diaz María Esther,Argentino,,Cobo 7313,1155934856,,
6°4°-9,9,,"PAZ, FACUNDO AGUSTÍN",49244717,10/12/2008,Argentina ,DIAZ MARIA ESTHER,ARG,A/C,ZELADA Y CONSEJAL GOMEZ,1137893699,,
6°4°-10,10,,"PAZ, LUCIA MILAGROS",49244716,10/12/2008,Argentina ,"ORTIZ, SABRINA NOELIA",ARG,,CHOPIN 5150,1150643176,,
6°4°-11,11,,"PLAZA, ANTONELLA MILAGROS",49104599,,,Aicardi Mayra,ARG,,M.Paz 5212,1157417433,,
6°4°-12,12,,"ROMÁN SANTACRUZ, BRAIAN MATÍAS",49361302,2/04/2009,Argentina ,"ORTIZ,Sabrina",Argentina ,,GARMENDIA 5272,1136970052,,
6°4°-13,13,,"RUIZ, PALOMA NOELIA",49194505,15/02/2009,Argentina ,"SOSA, ELSA SUSANA",ARG,,VARELA 5295,1164039694,,
6°4°-14,14,,"SERRANO, MILAGROS AYELÉN",48565891,23/02/2008,Argentina ,,,,,,,
6°4°-15,15,,SOSA DYLAN,,,,,,,,,,
6°4°-16,16,,"TREJO, BRISA ANTONELLA",49166127,26/12/2008,Argentina ,NUÑEZ ANGELA,PAR,,CALDERON DE LA BARCA,1172073831,,
6°5°-1,1,5 5°,"Accomando, Chiara Abigail",48765774,25/01/2008,ARGENTINA,CHAMBI CARI JUAN,BOL,DESOCUPADO,CARCARAÑA Y TARIJA,1134920641,,
6°5°-2,2,5 5°,"ADUVIRI GUTIERREZ, Jhacir GLENER",96165614,20/10/2008,ARGENTINA,LAVOY CINTIA,ARG,AMA DE CASA,VICTOR HUGO 5542,1132524051,,
6°5°-4,4,5 5°,"Carrizo, Alejo Román",48707587,9/08/2008,ARGENTINA,PEDROSO MARIA,ARG,ASIST GERIATRICA,VICTOR HUGO 5773,1161918400,,
6°5°-5,5,5 5°,"Cejas, Axel",48922569,23/12/2008,ARGENTINO,VILLALBA ANA,PAR,AMA DE CASA,EL RESERO 5773,1130525469,,
6°5°-6,6,5 5°,"Diaz, Giesela",48500086,6/02/2008,ARGENTINA,ZELADA DORA,BOL ,AMA DE CASA,TROLES ALCORTA,1169133445,,
6°5°-7,7,5 3°,"García Zelada, Ezequiel Naim",49073729,29/10/2008,ARGENTINO,DIEGO GABRIELA,URUG,AMA DE CASA,CONCEJAL GOMEZ 5708,1128269636,,
6°5°-8,8,5 5°,"GOITIA, Sofia",49429894,20/05/2009,ARGENTINO,GOMEZ ALEJANDRA,ARG,AMA DE CASA,RIGLOS 7164,1144000074,,
6°5°-9,9,5 1°,"Guerra Gómez, Thiago Joel",48040550,16/07/2007,ARGENTINO,CORONEL BOBADILLA,PAR,,PJE PERON 70,1121835793,,
6°5°-11,11,5 5°,"Huarcaya, Ariana Luján",47858484,23/02/2007,ARGENTINO,RUIZ MARIA LUJAN,ARG,COMERCIANTE,DONIZZETI 6694,1149802909,,
6°5°-12,12,5 2°,"Insaurralde, Rodrigo Ezequiel",48877452,8/04/2008,ARGENTINO,LOBOS NADIA,ARG,AMA DE C ASA,JUAN CRUZ VARELA 5489,1148666550,,
6°5°-13,13,5 3°,"JAIME LOBOS, IARA AGOSTINA",48921684,16/09/2008,ARGENTINO,LARREA GLADYS,ARG,,MARCOS PAZ 5081,1153413476,,
6°5°-15,15,5 5°,"LARREA, MICHAEL FABIAN",49114407,1/05/2008,ARGENTINO,RIOS PATRICIA,ARG,AMA DE CASA,CHASSAING 4986,1155658314,,
6°5°-16,16,5 4°,"Martínez, Matías Leonel",48590511,23/03/2008,ARGENTINO,MACIEL LILIANA,ARG,,JUAN CRUZ VARELA,1135819063,,
6°5°-17,17,5 5°,"MEDINA, LEONELA Elizabeth",47340934,11/07/2006,ARGENTINA,GUZMAN XIMENA,BOL,AMA DE CASA,TARIJA ENTRE COBO Y ECHAURRI,1166792265,,
6°5°-18,18,5 2°,"Melendres Guzmán, Aylén Wendy",49361420,11/05/2009,ARGENTINA,TABOADA ROMINA,ARG,AMA DE CASA,SAENZ 5206,1162842143,,
6°5°-20,20,5 1°,"Ponce, Milagros Abigail",48978884,15/09/2008,ARGENTINA,MIÑO FELIX,ARG,,ZELADA 4587,1126015338,,
6°5°-22,22,5 5°,"RODRIGUEZ, MAXIMO Santino",48588828,15/02/2008,ARGENTINO,DE LEON MARIA,ARG,AMA DE CASA,JUAN COBO 7478,1138419419,,
6°5°-23,23,5 4°,"Romero, Francesca",48643568,8/05/2008,ARGENTINA,MERNES GENES ESTEFANIA,ARG,,MARCOS PAZ 5272,1175069778,,
6°5°-24,24,5 5°,"SANFRINI, Lian LUCA",48225947,9/09/2007,ARGENTINO,DE GREGORIO LORENA,ARG,AMA DE CASA,CHASSAING 5630,1155934778,,
6°5°-25,25,5 2 °,"Sosa, Daiana Nicole",49361438,15/05/2009,ARGENTINA,OYOLA CINTHIA,ARG,,ZARAZA 5650,1127311991,,
6°5°-26,26,5 2°,"Torres, Zahira Samira",49590087,6/06/2009,ARGENTINA,"GONZALEZ M,ARIA",ARG,,BS AS 7524,1133803295,,
6°5°-27,27,5 5°,"Vallejo, Rodrigo Daniel",47690816,27/11/2006,ARGENTINO,VIDARTE JESICA,ARG,,COLEGIALES 6748,1158438378,,
6°5°-28,28,5 5°,"Vidarte, Franco Maximo",48858203,19/09/2008,ARGENTINO,BUERTA ROCIO,ARG,AMA DE CASA,RIGLOS 7740,1123753519,,
6°5°-29,29,5 5°,"Villalba, Camila",49542414,28/05/2009,ARGENTINA,GOMEZ ADRIANA,ARG,,ECHAURRI 7111,1131235694,,
6°5°-30,30,5 5°,"Villalba, Thiago Lionel",48986637,4/09/2008,ARGENTINO,DE LIMA TERESA,ARG,AMA DE CASA,ZARAZA 5743,1162517570,,
6°5°-31,31,5 2°,"Zeiss de Lima, Matías Nicolás",49172280,18/12/2008,ARGENTINO,TOMASA SOSA,PAR,AMA DE CASA,URDIMENEA 5868,1154733502,,
6°5°-33,33,EES 102,Sosa Wilson,48295585,1/10/2007,ARGENTINO,VILLAVICENCIO CONSUELO,BOL,AMA DE CASA,BS AS 7655,1151248469,,
6°5°-34,34,5 5°,Bejarano Miguel,11346755,23/10/2008,BOLIVIANO,UMEREZ ALEJANDRA,ARG,AMA DE CASA,DONIZZETI Y RUSO,1123229007,,
6°5°-35,35,5 4°,Aceval Abril,48931794,12/12/2008,ARGENTINO,HOFFMAN ARIEL,ARG,MECANICO,ZAMUDIO 6239,1137893694,,
6°5°-36,36,5 4°,Hoffman Solange,48107665,23/09/2007,ARGENTINO,BRIZUELA MARIELA,ARG,,CARCARAÑA Y CAZON,1123591281,,
6°5°-37,37,EES 25,Brizuela Maximiliano,49054641,8/09/2008,ARGENTINO,CACERES FABIO,PAR,,DONIZZETI 7470,1155233751,,
6°5°-38,38,5 3°,Caceres Santander  Maia,49231921,19/02/2009,ARGENTINO,,,,,,,